board,company,title,location,url,source,ats,id,pay,benchmark
yourator,ACCUPASS 活動通,【ACCUPASS】.NET ( C# ) 資深後端工程師 ( .NET C# Sr. Back-end Engineer）,臺北市,https://www.yourator.co/companies/Accupass/jobs/10343,yourator,sqlite,10343,"NT$ 70,000 - 100,000 (月薪)","market: ~NT$80,000-120,000/month for software engineers in Taipei"
yourator,AIFIAN,Lead Software Engineer,臺北市,https://www.yourator.co/companies/aifian/jobs/41246,yourator,sqlite,41246,"NT$ 1,800,000 - 2,500,000 (年薪)","market: ~NT$80,000-120,000/month for software engineers in Taipei"
yourator,AIFIAN,Sr. Software Engineer,臺北市,https://www.yourator.co/companies/aifian/jobs/23193,yourator,sqlite,23193,"NT$ 1,200,000 - 2,000,000 (年薪)","market: ~NT$80,000-120,000/month for software engineers in Taipei"
yourator,AIFIAN,"Sr. Software Engineer, Android",臺北市,https://www.yourator.co/companies/aifian/jobs/38445,yourator,sqlite,38445,"NT$ 1,200,000 - 2,000,000 (年薪)","market: ~NT$80,000-120,000/month for software engineers in Taipei"
yourator,AIFIAN,"Sr. Software Engineer, Cloud Infrastructure",臺北市,https://www.yourator.co/companies/aifian/jobs/38558,yourator,sqlite,38558,"NT$ 1,200,000 - 2,000,000 (年薪)","market: ~NT$80,000-120,000/month for software engineers in Taipei"
yourator,AIFT,"Machine Learning Engineer Lead, Vulcan",臺北市,https://www.yourator.co/companies/aift/jobs/46567,yourator,sqlite,46567,"NT$ 1,800,000 - 2,300,000 (年薪)","market: ~NT$122,000/month entry ML engineer (NT$1.47M/yr)"
yourator,AIFT,"Machine Learning Engineer, Vulcan",臺北市,https://www.yourator.co/companies/aift/jobs/46568,yourator,sqlite,46568,"NT$ 1,300,000 - 1,800,000 (年薪)","market: ~NT$122,000/month entry ML engineer (NT$1.47M/yr)"
yourator,AIFT,"Security Research Engineer, Cymetrics",臺北市,https://www.yourator.co/companies/aift/jobs/19684,yourator,sqlite,19684,"NT$ 840,000 - 1,200,000 (年薪)","market: ~NT$80,000-120,000/month for software engineers in Taipei"
yourator,AIFT,"Senior Data Engineer, Virtual Insurance",臺北市,https://www.yourator.co/companies/aift/jobs/46542,yourator,sqlite,46542,面議（經常性薪資達4萬元）,"market: ~NT$80,000-120,000/month for software engineers in Taipei"
yourator,AIFT,"Web3 Internship- Software Engineering Intern, OneSavieLab",臺北市,https://www.yourator.co/companies/aift/jobs/32816,yourator,sqlite,32816,NT$ 200 - 200 (時薪),market: interns typically NT$200-250/hour or a fixed monthly stipend
yourator,AlfredCamera 阿福管家,Platform Engineer 平台架構工程師,臺北市,https://www.yourator.co/companies/Alfred/jobs/47546,yourator,sqlite,47546,面議（經常性薪資達4萬元）,"market: ~NT$80,000-120,000/month for software engineers in Taipei"
yourator,DAHUA AI Corp.,AI 語言內容與教學設計專員 | 應用語言學、教學法 | AI prompt | Python | 全遠端,臺北市,https://www.yourator.co/companies/dahuachinese/jobs/46700,yourator,sqlite,46700,"NT$ 40,000 - 80,000 (月薪)",market: no benchmark for this role family
yourator,DAHUA AI Corp.,全端工程師 | 完全遠端 | 美國教育科技新創,臺北市,https://www.yourator.co/companies/dahuachinese/jobs/35475,yourator,sqlite,35475,"NT$ 60,000 - 80,000 (月薪)",market: no benchmark for this role family
yourator,DR.WU,資訊工程師,臺北市,https://www.yourator.co/companies/DRWU/jobs/46878,yourator,sqlite,46878,面議（經常性薪資達4萬元）,market: no benchmark for this role family
yourator,Dcard,GNTC - Enterprise Sales & Partnerships Manager - AI Platform,臺北市,https://www.yourator.co/companies/Dcard/jobs/48140,yourator,sqlite,48140,面議（經常性薪資達4萬元）,market: no benchmark for this role family
yourator,FUNRAISE,AI 顧問（AI Consultant）,臺北市,https://www.yourator.co/companies/funraise/jobs/46359,yourator,sqlite,46359,面議（經常性薪資達4萬元）,market: no benchmark for this role family
yourator,FUNRAISE,前端工程師 Frontend Engineer (Junior Level / Mid Level),臺北市,https://www.yourator.co/companies/funraise/jobs/47863,yourator,sqlite,47863,面議（經常性薪資達4萬元）,"market: ~NT$80,000-120,000/month for software engineers in Taipei"
yourator,FUNRAISE,資料 / 後端工程師 Data / Backend Engineer (Mid to Senior Level),臺北市,https://www.yourator.co/companies/funraise/jobs/46487,yourator,sqlite,46487,面議（經常性薪資達4萬元）,"market: ~NT$80,000-120,000/month for software engineers in Taipei"
yourator,GEEVERGREEN,Assistant Engine Process Engineer,桃園市,https://www.yourator.co/companies/GEEVERGREEN/jobs/47731,yourator,sqlite,47731,面議（經常性薪資達4萬元）,"market: ~NT$80,000-120,000/month for software engineers in Taipei"
yourator,GEEVERGREEN,Assistant Engineer,桃園市,https://www.yourator.co/companies/GEEVERGREEN/jobs/45695,yourator,sqlite,45695,面議（經常性薪資達4萬元）,"market: ~NT$80,000-120,000/month for software engineers in Taipei"
yourator,GEEVERGREEN,"Engineer (Intern, 3 Days Part Time)",桃園市,https://www.yourator.co/companies/GEEVERGREEN/jobs/47726,yourator,sqlite,47726,面議（經常性薪資達4萬元）,market: interns typically NT$200-250/hour or a fixed monthly stipend
yourator,GEEVERGREEN,Product Engineer (Guanyin),桃園市,https://www.yourator.co/companies/GEEVERGREEN/jobs/48001,yourator,sqlite,48001,面議（經常性薪資達4萬元）,"market: ~NT$80,000-120,000/month for software engineers in Taipei"
yourator,GEEVERGREEN,Quality Engineer,桃園市,https://www.yourator.co/companies/GEEVERGREEN/jobs/43732,yourator,sqlite,43732,面議（經常性薪資達4萬元）,"market: ~NT$80,000-120,000/month for software engineers in Taipei"
yourator,Gamania 橘子集團,[總部] Backend Engineer_24210,臺北市,https://www.yourator.co/companies/gamania/jobs/38456,yourator,sqlite,38456,"NT$ 800,000 - 1,100,000 (年薪)","market: ~NT$80,000-120,000/month for software engineers in Taipei"
yourator,Gamania 橘子集團,[總部] Senior Backend Engineer_24308,臺北市,https://www.yourator.co/companies/gamania/jobs/37636,yourator,sqlite,37636,"NT$ 800,000 - 1,100,000 (年薪)","market: ~NT$80,000-120,000/month for software engineers in Taipei"
yourator,Gamania 橘子集團,[總部] Site Reliability Engineer (SRE)_0089*,臺北市,https://www.yourator.co/companies/gamania/jobs/26610,yourator,sqlite,26610,"NT$ 700,000 - 1,200,000 (年薪)","market: ~NT$80,000-120,000/month for software engineers in Taipei"
yourator,Gamania 橘子集團,[遊戲橘子]SRE 網站可靠性工程師,臺北市,https://www.yourator.co/companies/gamania/jobs/37206,yourator,sqlite,37206,面議（經常性薪資達4萬元）,market: no benchmark for this role family
yourator,GliaCloud,(FT) AI×事業開発ポジション（グローバル環境）(新卒/AI事業開発),臺北市,https://www.yourator.co/companies/GliaCloud/jobs/47335,yourator,sqlite,47335,"NT$ 45,000 - 55,000 (月薪)",market: no benchmark for this role family
yourator,GliaCloud,(FT) Business Management Associate (สำหรับนักศึกษาจบใหม่ / สาย AI & Business Development),臺北市,https://www.yourator.co/companies/GliaCloud/jobs/47333,yourator,sqlite,47333,面議（經常性薪資達4萬元）,market: no benchmark for this role family
yourator,GliaCloud,(FT) 비즈니스 매니지먼트 어소시에이트 (신입 / AI & BD 중심),臺北市,https://www.yourator.co/companies/GliaCloud/jobs/47336,yourator,sqlite,47336,"NT$ 45,000 - 55,000 (月薪)",market: no benchmark for this role family
yourator,GliaCloud,(Intern) AI×事業開発インターン募集,臺北市,https://www.yourator.co/companies/GliaCloud/jobs/47289,yourator,sqlite,47289,NT$ 200 - 200 (時薪),market: interns typically NT$200-250/hour or a fixed monthly stipend
yourator,GliaCloud,(Intern) นักศึกษาฝึกงานฝ่ายบริหารธุรกิจ (เน้น AI & Business Development),臺北市,https://www.yourator.co/companies/GliaCloud/jobs/47285,yourator,sqlite,47285,NT$ 200 - 200 (時薪),market: interns typically NT$200-250/hour or a fixed monthly stipend
yourator,GliaCloud,(Intern) 비즈니스 매니저 인턴 채용 (AI & BD(영업 및 사업개발) 중심),臺北市,https://www.yourator.co/companies/GliaCloud/jobs/47274,yourator,sqlite,47274,NT$ 200 - (時薪),market: interns typically NT$200-250/hour or a fixed monthly stipend
yourator,GliaCloud,Business Management Associate (New Grad / AI & BD Focus),臺北市,https://www.yourator.co/companies/GliaCloud/jobs/46691,yourator,sqlite,46691,"NT$ 45,000 - 55,000 (月薪)",market: no benchmark for this role family
yourator,GliaCloud,Business Management Intern (AI & BD Focus),臺北市,https://www.yourator.co/companies/GliaCloud/jobs/46692,yourator,sqlite,46692,NT$ 200 - (時薪),market: interns typically NT$200-250/hour or a fixed monthly stipend
yourator,GoFreight,<You tell us> - GoFreight Engineering Team,臺北市,https://www.yourator.co/companies/HardCoreTechnology/jobs/35640,yourator,sqlite,35640,面議（經常性薪資達4萬元）,"market: ~NT$80,000-120,000/month for software engineers in Taipei"
yourator,Hour Loop 飛輪電商,【Taichung】Software Engineer (Full-stack),臺中市,https://www.yourator.co/companies/hourloop/jobs/41411,yourator,sqlite,41411,"NT$ 800,000 - 1,200,000 (年薪)","market: ~NT$80,000-120,000/month for software engineers in Taipei"
yourator,Hour Loop 飛輪電商,【Taichung】資深軟體工程師 Senior Software Engineer (Full-stack),臺中市,https://www.yourator.co/companies/hourloop/jobs/41513,yourator,sqlite,41513,"NT$ 1,200,000 - 1,800,000 (年薪)","market: ~NT$80,000-120,000/month for software engineers in Taipei"
yourator,Hour Loop 飛輪電商,【Taipei】Financial Analyst Assistant Intern,臺北市,https://www.yourator.co/companies/hourloop/jobs/42163,yourator,sqlite,42163,NT$ 200 - (時薪),"market: ~NT$60,000-90,000/month for analyst roles in Taipei"
yourator,Hour Loop 飛輪電商,【Taipei】Senior Software Engineer (Full-stack),臺北市,https://www.yourator.co/companies/hourloop/jobs/41512,yourator,sqlite,41512,"NT$ 1,200,000 - 1,800,000 (年薪)","market: ~NT$80,000-120,000/month for software engineers in Taipei"
yourator,Hour Loop 飛輪電商,【Taipei】Software Engineer (Full-stack),臺北市,https://www.yourator.co/companies/hourloop/jobs/41413,yourator,sqlite,41413,"NT$ 800,000 - 1,200,000 (年薪)","market: ~NT$80,000-120,000/month for software engineers in Taipei"
yourator,Impinj,Senior Hardware Test Engineer,新竹市,https://www.yourator.co/companies/Impinj/jobs/48102,yourator,sqlite,48102,"NT$ 1,700,000 - 1,785,003 (年薪)","market: ~NT$80,000-120,000/month for software engineers in Taipei"
yourator,Jubo 智齡科技,Junior Full-Stack Engineer 全端工程師_台北,新北市,https://www.yourator.co/companies/jubohealth/jobs/47892,yourator,sqlite,47892,面議（經常性薪資達4萬元）,"market: ~NT$80,000-120,000/month for software engineers in Taipei"
yourator,Jubo 智齡科技,MIS Engineer MIS資訊工程師,新北市,https://www.yourator.co/companies/jubohealth/jobs/36440,yourator,sqlite,36440,面議（經常性薪資達4萬元）,"market: ~NT$80,000-120,000/month for software engineers in Taipei"
yourator,Jubo 智齡科技,Senior Full-Stack Engineer 資深全端工程師_台北,新北市,https://www.yourator.co/companies/jubohealth/jobs/47890,yourator,sqlite,47890,面議（經常性薪資達4萬元）,"market: ~NT$80,000-120,000/month for software engineers in Taipei"
yourator,KlickKlack Communications,Jamf MSP｜資安工程師 Security Engineer,臺北市,https://www.yourator.co/companies/kkco/jobs/38528,yourator,sqlite,38528,面議（經常性薪資達4萬元）,"market: ~NT$80,000-120,000/month for software engineers in Taipei"
yourator,KlickKlack Communications,KlickConnect｜網路工程師 Network Engineer,臺北市,https://www.yourator.co/companies/kkco/jobs/14997,yourator,sqlite,14997,"NT$ 45,000 - 70,000 (月薪)","market: ~NT$80,000-120,000/month for software engineers in Taipei"
yourator,KlickKlack Communications,KlickConnect｜網路工程師 Network Engineer (Senior),臺北市,https://www.yourator.co/companies/kkco/jobs/44497,yourator,sqlite,44497,面議（經常性薪資達4萬元）,"market: ~NT$80,000-120,000/month for software engineers in Taipei"
yourator,Lawsnote,法學資料處理專員 ( 儲備法學資料分析師 ),新北市,https://www.yourator.co/companies/lawsnote/jobs/22545,yourator,sqlite,22545,"NT$ 500,000 - 700,000 (年薪)",market: no benchmark for this role family
yourator,OakMega 大橡科技,Back-end Engineer 後端工程師,臺北市,https://www.yourator.co/companies/OakMega/jobs/3575,yourator,sqlite,3575,"NT$ 50,000 - 100,000 (月薪)","market: ~NT$80,000-120,000/month for software engineers in Taipei"
yourator,OakMega 大橡科技,Forward Deployed Engineer (FDE) 前端部署工程師,臺北市,https://www.yourator.co/companies/OakMega/jobs/43691,yourator,sqlite,43691,面議（經常性薪資達4萬元）,"market: ~NT$80,000-120,000/month for software engineers in Taipei"
yourator,OakMega 大橡科技,Frontend Engineer 前端工程師（React Native）,臺北市,https://www.yourator.co/companies/OakMega/jobs/38897,yourator,sqlite,38897,"NT$ 50,000 - 100,000 (月薪)","market: ~NT$80,000-120,000/month for software engineers in Taipei"
yourator,PChome Online 網路家庭,【技術】Android App Engineer,臺北市,https://www.yourator.co/companies/PChome/jobs/40542,yourator,sqlite,40542,面議（經常性薪資達4萬元）,"market: ~NT$80,000-120,000/month for software engineers in Taipei"
yourator,PChome Online 網路家庭,【技術】數據工程師 Data Engineer,臺北市,https://www.yourator.co/companies/PChome/jobs/40514,yourator,sqlite,40514,面議（經常性薪資達4萬元）,"market: ~NT$80,000-120,000/month for software engineers in Taipei"
yourator,PChome Online 網路家庭,【技術】自動化軟體測試工程師 SQA Automation Engineer,臺北市,https://www.yourator.co/companies/PChome/jobs/40516,yourator,sqlite,40516,面議（經常性薪資達4萬元）,"market: ~NT$80,000-120,000/month for software engineers in Taipei"
yourator,PChome Online 網路家庭,【技術】軟體測試工程師 Manual SQA Engineer,臺北市,https://www.yourator.co/companies/PChome/jobs/40517,yourator,sqlite,40517,面議（經常性薪資達4萬元）,"market: ~NT$80,000-120,000/month for software engineers in Taipei"
yourator,PChome Online 網路家庭,【物流技術】C#工程師,臺北市,https://www.yourator.co/companies/PChome/jobs/40405,yourator,sqlite,40405,面議（經常性薪資達4萬元）,market: no benchmark for this role family
yourator,PChome Online 網路家庭,【經營管理】商業分析師 Business Analyst（專案組）,臺北市,https://www.yourator.co/companies/PChome/jobs/40519,yourator,sqlite,40519,面議（經常性薪資達4萬元）,"market: ~NT$60,000-90,000/month for analyst roles in Taipei"
yourator,PChome Online 網路家庭,【經營管理】財務分析專員 Cost Analyst（成本組）,臺北市,https://www.yourator.co/companies/PChome/jobs/42168,yourator,sqlite,42168,面議（經常性薪資達4萬元）,"market: ~NT$60,000-90,000/month for analyst roles in Taipei"
yourator,PressPlay,【中央營運】資訊部｜AI專案工程師 AI Project Engineer,臺北市,https://www.yourator.co/companies/PressPlay/jobs/46913,yourator,sqlite,46913,"NT$ 45,000 - 65,000 (月薪)","market: ~NT$80,000-120,000/month for software engineers in Taipei"
yourator,PressPlay,【中央營運】資訊部｜MIS工程師 MIS Engineer,臺北市,https://www.yourator.co/companies/PressPlay/jobs/25370,yourator,sqlite,25370,"NT$ 38,000 - 48,000 (月薪)","market: ~NT$80,000-120,000/month for software engineers in Taipei"
yourator,Profet AI 杰倫智能科技股份有限公司,AI 平台可靠性工程師 | SRE / DevOps,臺北市,https://www.yourator.co/companies/profetai/jobs/47576,yourator,sqlite,47576,面議（經常性薪資達4萬元）,market: no benchmark for this role family
yourator,Profet AI 杰倫智能科技股份有限公司,AI/機器學習平台技術服務工程師｜ AI/ML TechSupport Engineer,臺北市,https://www.yourator.co/companies/profetai/jobs/39185,yourator,sqlite,39185,面議（經常性薪資達4萬元）,"market: ~NT$80,000-120,000/month for software engineers in Taipei"
yourator,Profet AI 杰倫智能科技股份有限公司,AI/機器學習研發工程師｜ AI/ML Engineer,臺北市,https://www.yourator.co/companies/profetai/jobs/46746,yourator,sqlite,46746,面議（經常性薪資達4萬元）,"market: ~NT$122,000/month entry ML engineer (NT$1.47M/yr)"
yourator,Profet AI 杰倫智能科技股份有限公司,Jr. AI Solution Consultant AI解決方案導入顧問,臺北市,https://www.yourator.co/companies/profetai/jobs/39037,yourator,sqlite,39037,面議（經常性薪資達4萬元）,market: no benchmark for this role family
yourator,Profet AI 杰倫智能科技股份有限公司,Presales Consultant｜AI Agent Platform,臺北市,https://www.yourator.co/companies/profetai/jobs/47578,yourator,sqlite,47578,面議（經常性薪資達4萬元）,market: no benchmark for this role family
yourator,Profet AI 杰倫智能科技股份有限公司,前端部屬工程師｜Forward Deployed Engineer（FDE）,臺北市,https://www.yourator.co/companies/profetai/jobs/47495,yourator,sqlite,47495,面議（經常性薪資達4萬元）,"market: ~NT$80,000-120,000/month for software engineers in Taipei"
yourator,Profet AI 杰倫智能科技股份有限公司,後端工程師｜生成式 AI 平台（Java / Python）,臺北市,https://www.yourator.co/companies/profetai/jobs/47711,yourator,sqlite,47711,面議（經常性薪資達4萬元）,market: no benchmark for this role family
yourator,Profet AI 杰倫智能科技股份有限公司,網頁前端開發工程師 (AI/機器學習平台)｜Frontend Engineer (AI/ML Platform),臺北市,https://www.yourator.co/companies/profetai/jobs/47497,yourator,sqlite,47497,面議（經常性薪資達4萬元）,"market: ~NT$80,000-120,000/month for software engineers in Taipei"
yourator,Profet AI 杰倫智能科技股份有限公司,資深AI/機器學習研發工程師｜Senior AI/ML Engineer,臺北市,https://www.yourator.co/companies/profetai/jobs/47420,yourator,sqlite,47420,面議（經常性薪資達4萬元）,"market: ~NT$122,000/month entry ML engineer (NT$1.47M/yr)"
yourator,Profet AI 杰倫智能科技股份有限公司,資深Python 後端工程師｜ Senior Python Backend Engineer,臺北市,https://www.yourator.co/companies/profetai/jobs/39119,yourator,sqlite,39119,面議（經常性薪資達4萬元）,"market: ~NT$80,000-120,000/month for software engineers in Taipei"
yourator,Profet AI 杰倫智能科技股份有限公司,軟體研發工程師｜ R&D Software Engineer,臺北市,https://www.yourator.co/companies/profetai/jobs/47496,yourator,sqlite,47496,面議（經常性薪資達4萬元）,"market: ~NT$80,000-120,000/month for software engineers in Taipei"
yourator,SAT. KNOWLEDGE 知識衛星,Android 工程師,新北市,https://www.yourator.co/companies/Sat-Knowledge/jobs/47959,yourator,sqlite,47959,"NT$ 50,000 - 75,000 (月薪)",market: no benchmark for this role family
yourator,SAT. KNOWLEDGE 知識衛星,iOS 工程師,新北市,https://www.yourator.co/companies/Sat-Knowledge/jobs/47961,yourator,sqlite,47961,"NT$ 50,000 - 75,000 (月薪)",market: no benchmark for this role family
yourator,SAT. KNOWLEDGE 知識衛星,前端工程師,新北市,https://www.yourator.co/companies/Sat-Knowledge/jobs/47963,yourator,sqlite,47963,"NT$ 50,000 - 75,000 (月薪)",market: no benchmark for this role family
yourator,SAT. KNOWLEDGE 知識衛星,前端部署工程師 （FDE）,新北市,https://www.yourator.co/companies/Sat-Knowledge/jobs/47964,yourator,sqlite,47964,面議（經常性薪資達4萬元）,market: no benchmark for this role family
yourator,SAT. KNOWLEDGE 知識衛星,後端工程師,新北市,https://www.yourator.co/companies/Sat-Knowledge/jobs/47972,yourator,sqlite,47972,"NT$ 60,000 - 80,000 (月薪)",market: no benchmark for this role family
yourator,SHOPLINE 商線科技股份有限公司,【CMS4001】Merchant Success Data Operations,臺北市,https://www.yourator.co/companies/shopline/jobs/46461,yourator,sqlite,46461,面議（經常性薪資達4萬元）,market: no benchmark for this role family
yourator,SHOPLINE 商線科技股份有限公司,【TENG0303】Frontend Engineer,臺北市,https://www.yourator.co/companies/shopline/jobs/37811,yourator,sqlite,37811,面議（經常性薪資達4萬元）,"market: ~NT$80,000-120,000/month for software engineers in Taipei"
yourator,SHOPLINE 商線科技股份有限公司,【TENG0502】Software Engineer (Backend) - Golang / RoR,臺北市,https://www.yourator.co/companies/shopline/jobs/32468,yourator,sqlite,32468,面議（經常性薪資達4萬元）,"market: ~NT$80,000-120,000/month for software engineers in Taipei"
yourator,SHOPLINE 商線科技股份有限公司,【TENG0601】(Sr) Quality Assurance Engineer,臺北市,https://www.yourator.co/companies/shopline/jobs/46365,yourator,sqlite,46365,面議（經常性薪資達4萬元）,"market: ~NT$80,000-120,000/month for software engineers in Taipei"
yourator,SHOPLINE 商線科技股份有限公司,【TENG1402】Data Engineer,臺北市,https://www.yourator.co/companies/shopline/jobs/32467,yourator,sqlite,32467,面議（經常性薪資達4萬元）,"market: ~NT$80,000-120,000/month for software engineers in Taipei"
yourator,SHOPLINE 商線科技股份有限公司,【TENG1502】Senior Data Engineer,臺北市,https://www.yourator.co/companies/shopline/jobs/41209,yourator,sqlite,41209,面議（經常性薪資達4萬元）,"market: ~NT$80,000-120,000/month for software engineers in Taipei"
yourator,SHOPLINE 商線科技股份有限公司,【TPD0603】Data Product Manager 數據產品經理,臺北市,https://www.yourator.co/companies/shopline/jobs/47814,yourator,sqlite,47814,面議（經常性薪資達4萬元）,market: no benchmark for this role family
yourator,SHOPLINE 商線科技股份有限公司,【TPD0803】Data Analyst,臺北市,https://www.yourator.co/companies/shopline/jobs/46447,yourator,sqlite,46447,面議（經常性薪資達4萬元）,"market: ~NT$60,000-90,000/month for analyst roles in Taipei"
yourator,SKS 新光保全,AGV / AI Robotics Deployment Engineer,臺北市,https://www.yourator.co/companies/skstaiwan/jobs/46037,yourator,sqlite,46037,面議（經常性薪資達4萬元）,"market: ~NT$80,000-120,000/month for software engineers in Taipei"
yourator,SKS 新光保全,AI Architect / AI Product Manager (AI PM),臺北市,https://www.yourator.co/companies/skstaiwan/jobs/46038,yourator,sqlite,46038,面議（經常性薪資達4萬元）,market: no benchmark for this role family
yourator,SKS 新光保全,AI Engineer,臺北市,https://www.yourator.co/companies/skstaiwan/jobs/38221,yourator,sqlite,38221,面議（經常性薪資達4萬元）,"market: ~NT$122,000/month entry ML engineer (NT$1.47M/yr)"
yourator,SKS 新光保全,Backend Engineer (C#),臺北市,https://www.yourator.co/companies/skstaiwan/jobs/38224,yourator,sqlite,38224,面議（經常性薪資達4萬元）,"market: ~NT$80,000-120,000/month for software engineers in Taipei"
yourator,SKS 新光保全,Computer Vision AI / Video AI Engineer,臺北市,https://www.yourator.co/companies/skstaiwan/jobs/46036,yourator,sqlite,46036,面議（經常性薪資達4萬元）,"market: ~NT$122,000/month entry ML engineer (NT$1.47M/yr)"
yourator,SKS 新光保全,Design Quality Assurance Engineer,臺北市,https://www.yourator.co/companies/skstaiwan/jobs/38327,yourator,sqlite,38327,面議（經常性薪資達4萬元）,"market: ~NT$80,000-120,000/month for software engineers in Taipei"
yourator,SKS 新光保全,FAE Engineer,臺北市,https://www.yourator.co/companies/skstaiwan/jobs/46035,yourator,sqlite,46035,面議（經常性薪資達4萬元）,"market: ~NT$80,000-120,000/month for software engineers in Taipei"
yourator,SKS 新光保全,Flutter App Engineer,臺北市,https://www.yourator.co/companies/skstaiwan/jobs/46034,yourator,sqlite,46034,面議（經常性薪資達4萬元）,"market: ~NT$80,000-120,000/month for software engineers in Taipei"
yourator,SKS 新光保全,Full-Stack AIoT engineer,臺北市,https://www.yourator.co/companies/skstaiwan/jobs/38357,yourator,sqlite,38357,面議（經常性薪資達4萬元）,"market: ~NT$80,000-120,000/month for software engineers in Taipei"
yourator,VITABOX 維他盒子,"VITABOX AI 成長行銷領導者｜Growth Marketing Lead, VITABOX",新北市,https://www.yourator.co/companies/vitabox/jobs/47808,yourator,sqlite,47808,"NT$ 70,000 - 95,000 (月薪)",market: no benchmark for this role family
yourator,ViewSonic International Corporation,"資深全球系統工程師, Sr. Global System Engineer, IT Division",新北市,https://www.yourator.co/companies/ViewSonicCorporation/jobs/46044,yourator,sqlite,46044,面議（經常性薪資達4萬元）,"market: ~NT$80,000-120,000/month for software engineers in Taipei"
yourator,ViewSonic International Corporation,"資深測試工程師, Senior Quality Assurance Engineer, Education Solutions",新北市,https://www.yourator.co/companies/ViewSonicCorporation/jobs/48127,yourator,sqlite,48127,面議（經常性薪資達4萬元）,"market: ~NT$80,000-120,000/month for software engineers in Taipei"
yourator,ViewSonic International Corporation,資深產品品質工程師 Senior Product Quality Engineer_Pro AV Solutions BU,新北市,https://www.yourator.co/companies/ViewSonicCorporation/jobs/42132,yourator,sqlite,42132,面議（經常性薪資達4萬元）,"market: ~NT$80,000-120,000/month for software engineers in Taipei"
yourator,ViewSonic International Corporation,"軟體測試工程師, Quality Assurance Engineer, Education Solutions",新北市,https://www.yourator.co/companies/ViewSonicCorporation/jobs/48126,yourator,sqlite,48126,面議（經常性薪資達4萬元）,"market: ~NT$80,000-120,000/month for software engineers in Taipei"
yourator,WONDERLAND,(4467502702)資深系統工程師,臺北市,https://www.yourator.co/companies/WONDERLAND/jobs/48099,yourator,sqlite,48099,面議（經常性薪資達4萬元）,market: no benchmark for this role family
yourator,WONDERLAND,.net資深工程師,臺北市,https://www.yourator.co/companies/WONDERLAND/jobs/47867,yourator,sqlite,47867,面議（經常性薪資達4萬元）,market: no benchmark for this role family
yourator,WONDERLAND,Senior API & Data Integration Engineer,臺北市,https://www.yourator.co/companies/WONDERLAND/jobs/47813,yourator,sqlite,47813,面議（經常性薪資達4萬元）,"market: ~NT$80,000-120,000/month for software engineers in Taipei"
yourator,WONDERLAND,Senior GoLang Engineer,臺北市,https://www.yourator.co/companies/WONDERLAND/jobs/47812,yourator,sqlite,47812,面議（經常性薪資達4萬元）,"market: ~NT$80,000-120,000/month for software engineers in Taipei"
yourator,WONDERLAND,[4428475021] Sales Account Manager (Customer Fulfillment),臺北市,https://www.yourator.co/companies/WONDERLAND/jobs/47246,yourator,sqlite,47246,面議（經常性薪資達4萬元）,market: no benchmark for this role family
yourator,WONDERLAND,[4436060937] Fulfillment & Logistics Manager,臺北市,https://www.yourator.co/companies/WONDERLAND/jobs/46847,yourator,sqlite,46847,面議（經常性薪資達4萬元）,market: no benchmark for this role family
yourator,WONDERLAND,[4441402850] Supply Chain Planning Systems Analyst,臺北市,https://www.yourator.co/companies/WONDERLAND/jobs/47805,yourator,sqlite,47805,面議（經常性薪資達4萬元）,"market: ~NT$60,000-90,000/month for analyst roles in Taipei"
yourator,WONDERLAND,[4454215730]資深專利工程師 Senior Patent Engineer,臺北市,https://www.yourator.co/companies/WONDERLAND/jobs/47358,yourator,sqlite,47358,面議（經常性薪資達4萬元）,"market: ~NT$80,000-120,000/month for software engineers in Taipei"
yourator,WONDERLAND,產品專案工程師,臺北市,https://www.yourator.co/companies/WONDERLAND/jobs/48035,yourator,sqlite,48035,面議（經常性薪資達4萬元）,market: no benchmark for this role family
yourator,WebComm 偉康科技,Elasticsearch 數據工程師,臺北市,https://www.yourator.co/companies/WebComm/jobs/37867,yourator,sqlite,37867,面議（經常性薪資達4萬元）,market: no benchmark for this role family
yourator,WebComm 偉康科技,[QA-0004] 資深測試工程師 Senior QA Engineer,臺北市,https://www.yourator.co/companies/WebComm/jobs/39017,yourator,sqlite,39017,面議（經常性薪資達4萬元）,"market: ~NT$80,000-120,000/month for software engineers in Taipei"
yourator,WebComm 偉康科技,[RD-0025] 資深QA工程師 Senior QA Engineer,臺北市,https://www.yourator.co/companies/WebComm/jobs/48063,yourator,sqlite,48063,面議（經常性薪資達4萬元）,"market: ~NT$80,000-120,000/month for software engineers in Taipei"
yourator,WebComm 偉康科技,全端工程師 Full-Stack Engineer (非駐點),臺北市,https://www.yourator.co/companies/WebComm/jobs/47802,yourator,sqlite,47802,面議（經常性薪資達4萬元）,"market: ~NT$80,000-120,000/month for software engineers in Taipei"
yourator,WebComm 偉康科技,數據工程師 Data Engineer,臺北市,https://www.yourator.co/companies/WebComm/jobs/21459,yourator,sqlite,21459,面議（經常性薪資達4萬元）,"market: ~NT$80,000-120,000/month for software engineers in Taipei"
yourator,WebComm 偉康科技,資安產品工程師 Cybersecurity Product Engineer,臺北市,https://www.yourator.co/companies/WebComm/jobs/42166,yourator,sqlite,42166,面議（經常性薪資達4萬元）,"market: ~NT$80,000-120,000/month for software engineers in Taipei"
yourator,WebComm 偉康科技,資深研發工程師 Senior Software Developer,臺北市,https://www.yourator.co/companies/WebComm/jobs/46916,yourator,sqlite,46916,面議（經常性薪資達4萬元）,"market: ~NT$80,000-120,000/month for software engineers in Taipei"
yourator,WebComm 偉康科技,資深系統工程師 Senior System Engineer,臺北市,https://www.yourator.co/companies/WebComm/jobs/42167,yourator,sqlite,42167,面議（經常性薪資達4萬元）,"market: ~NT$80,000-120,000/month for software engineers in Taipei"
yourator,WiSING 緯詠智能,AI Engineer AI 工程師,臺北市,https://www.yourator.co/companies/wising/jobs/47338,yourator,sqlite,47338,"NT$ 50,000 - 80,000 (月薪)","market: ~NT$122,000/month entry ML engineer (NT$1.47M/yr)"
yourator,awoo,品牌社群與口碑行銷主管（AI SEO）（台北辦公室）,臺北市,https://www.yourator.co/companies/awoo/jobs/48067,yourator,sqlite,48067,面議（經常性薪資達4萬元）,market: no benchmark for this role family
yourator,dentall 台灣牙 e 通,軟體測試工程師,臺北市,https://www.yourator.co/companies/dentaltw/jobs/10457,yourator,sqlite,10457,"NT$ 35,000 - 50,000 (月薪)",market: no benchmark for this role family
yourator,familypet,前端工程師,臺北市,https://www.yourator.co/companies/familypet/jobs/43756,yourator,sqlite,43756,面議（經常性薪資達4萬元）,market: no benchmark for this role family
yourator,familypet,後端工程師,臺北市,https://www.yourator.co/companies/familypet/jobs/43758,yourator,sqlite,43758,面議（經常性薪資達4萬元）,market: no benchmark for this role family
yourator,familypet,資深前端工程師,臺北市,https://www.yourator.co/companies/familypet/jobs/43757,yourator,sqlite,43757,面議（經常性薪資達4萬元）,market: no benchmark for this role family
yourator,familypet,資深後端工程師,臺北市,https://www.yourator.co/companies/familypet/jobs/43759,yourator,sqlite,43759,面議（經常性薪資達4萬元）,market: no benchmark for this role family
yourator,上洋產業股份有限公司,Helpdesk 工程師 / MIS助理工程師,新北市,https://www.yourator.co/companies/upyoung/jobs/40264,yourator,sqlite,40264,"NT$ 32,000 - (月薪)",market: no benchmark for this role family
yourator,上洋產業股份有限公司,MIS工程師,新北市,https://www.yourator.co/companies/upyoung/jobs/39879,yourator,sqlite,39879,"NT$ 35,000 - 55,000 (月薪)",market: no benchmark for this role family
yourator,上洋產業股份有限公司,永續能源發展部工程師,新北市,https://www.yourator.co/companies/upyoung/jobs/40985,yourator,sqlite,40985,"NT$ 50,000 - (月薪)",market: no benchmark for this role family
yourator,上洋產業股份有限公司,物聯控制維運工程師,新北市,https://www.yourator.co/companies/upyoung/jobs/39883,yourator,sqlite,39883,"NT$ 38,000 - 42,000 (月薪)",market: no benchmark for this role family
yourator,上洋股份有限公司,海外_技術服務工程師,新北市,https://www.yourator.co/companies/upyoung/jobs/39836,yourator,sqlite,39836,"NT$ 45,000 - (月薪)",market: no benchmark for this role family
yourator,上洋股份有限公司,海外服務工程師,新北市,https://www.yourator.co/companies/upyoung/jobs/40712,yourator,sqlite,40712,"NT$ 45,000 - (月薪)",market: no benchmark for this role family
yourator,人工智能股份有限公司,[專案部] 軟體開發工程師 (Programmer),臺北市,https://www.yourator.co/companies/8d8a33fc/jobs/47384,yourator,sqlite,47384,面議（經常性薪資達4萬元）,market: no benchmark for this role family
yourator,人工智能股份有限公司,[專案部]系統分析師(System Analyst)~加入Ai3，成為專案成功的關鍵推手(專案客戶以大型企業與政府機關為主),臺北市,https://www.yourator.co/companies/8d8a33fc/jobs/47377,yourator,sqlite,47377,面議（經常性薪資達4萬元）,"market: ~NT$60,000-90,000/month for analyst roles in Taipei"
yourator,人工智能股份有限公司,[技術服務]駐點工程師(公務機關),新北市,https://www.yourator.co/companies/8d8a33fc/jobs/47379,yourator,sqlite,47379,面議（經常性薪資達4萬元）,market: no benchmark for this role family
yourator,人工智能股份有限公司,[金融資訊-專案部] 軟體開發工程師 (Programmer),臺北市,https://www.yourator.co/companies/8d8a33fc/jobs/47383,yourator,sqlite,47383,"NT$ 34,000 - 45,000 (月薪)",market: no benchmark for this role family
yourator,仁寶電腦工業股份有限公司,A0237 伺服器硬體研發工程師/高級工程師(內湖),臺北市,https://www.yourator.co/companies/compal/jobs/47213,yourator,sqlite,47213,面議（經常性薪資達4萬元）,market: no benchmark for this role family
yourator,仁寶電腦工業股份有限公司,A0305 IPC機構設計工程師(內湖),臺北市,https://www.yourator.co/companies/compal/jobs/46998,yourator,sqlite,46998,面議（經常性薪資達4萬元）,market: no benchmark for this role family
yourator,仁寶電腦工業股份有限公司,A0306 Edge Server機構散熱設計主任/高級工程師,臺北市,https://www.yourator.co/companies/compal/jobs/47143,yourator,sqlite,47143,面議（經常性薪資達4萬元）,market: no benchmark for this role family
yourator,仁寶電腦工業股份有限公司,A0612 伺服器研發高級專案工程師/PJE (內湖),臺北市,https://www.yourator.co/companies/compal/jobs/47214,yourator,sqlite,47214,面議（經常性薪資達4萬元）,market: no benchmark for this role family
yourator,仁寶電腦工業股份有限公司,AI Agent 應用開發工程師 (伺服器設計輔助系統)(內湖),臺北市,https://www.yourator.co/companies/compal/jobs/47173,yourator,sqlite,47173,面議（經常性薪資達4萬元）,market: no benchmark for this role family
yourator,仁寶電腦工業股份有限公司,AI數位應用開發工程師/主任工程師(內湖),臺北市,https://www.yourator.co/companies/compal/jobs/47189,yourator,sqlite,47189,面議（經常性薪資達4萬元）,market: no benchmark for this role family
yourator,仁寶電腦工業股份有限公司,ATE Test Engineer,臺北市,https://www.yourator.co/companies/compal/jobs/47013,yourator,sqlite,47013,面議（經常性薪資達4萬元）,"market: ~NT$80,000-120,000/month for software engineers in Taipei"
yourator,仁寶電腦工業股份有限公司,D1617 土建工程監工人員(工程師),臺北市,https://www.yourator.co/companies/compal/jobs/47026,yourator,sqlite,47026,面議（經常性薪資達4萬元）,market: no benchmark for this role family
yourator,仁寶電腦工業股份有限公司,Diag Development Engineer(內湖),臺北市,https://www.yourator.co/companies/compal/jobs/47226,yourator,sqlite,47226,面議（經常性薪資達4萬元）,"market: ~NT$80,000-120,000/month for software engineers in Taipei"
yourator,仁寶電腦工業股份有限公司,Firmware Integration Engineer / Test Script Developer,臺北市,https://www.yourator.co/companies/compal/jobs/47012,yourator,sqlite,47012,面議（經常性薪資達4萬元）,"market: ~NT$80,000-120,000/month for software engineers in Taipei"
yourator,仁寶電腦工業股份有限公司,IOT/網通 IPQC工程師 - TWPF3801,桃園市,https://www.yourator.co/companies/compal/jobs/47180,yourator,sqlite,47180,面議（經常性薪資達4萬元）,market: no benchmark for this role family
yourator,仁寶電腦工業股份有限公司,IOT產品工程師PE-EE (平鎮) - TWPF3901,桃園市,https://www.yourator.co/companies/compal/jobs/47155,yourator,sqlite,47155,"NT$ 38,000 - (月薪)",market: no benchmark for this role family
yourator,仁寶電腦工業股份有限公司,MES工程師/課級主管(平鎮/楊梅) - TWPI2501,桃園市,https://www.yourator.co/companies/compal/jobs/47157,yourator,sqlite,47157,面議（經常性薪資達4萬元）,market: no benchmark for this role family
yourator,仁寶電腦工業股份有限公司,MFG & Design Test Infra Development Engineer(內湖),臺北市,https://www.yourator.co/companies/compal/jobs/47228,yourator,sqlite,47228,面議（經常性薪資達4萬元）,"market: ~NT$80,000-120,000/month for software engineers in Taipei"
yourator,仁寶電腦工業股份有限公司,NB IE工程師 (平鎮) - TWPF4502,桃園市,https://www.yourator.co/companies/compal/jobs/47107,yourator,sqlite,47107,"NT$ 38,000 - (月薪)",market: no benchmark for this role family
yourator,仁寶電腦工業股份有限公司,NB/伺服器 訊號模擬SI工程師/高級工程師(內湖),臺北市,https://www.yourator.co/companies/compal/jobs/47145,yourator,sqlite,47145,面議（經常性薪資達4萬元）,market: no benchmark for this role family
yourator,仁寶電腦工業股份有限公司,NB結構分析工程師(內湖) - TWPR1501,臺北市,https://www.yourator.co/companies/compal/jobs/47202,yourator,sqlite,47202,面議（經常性薪資達4萬元）,market: no benchmark for this role family
yourator,仁寶電腦工業股份有限公司,NB聲學工程師/高級工程師(內湖) - TWPR1904,臺北市,https://www.yourator.co/companies/compal/jobs/47232,yourator,sqlite,47232,面議（經常性薪資達4萬元）,market: no benchmark for this role family
yourator,仁寶電腦工業股份有限公司,NPI Project Engineer,臺北市,https://www.yourator.co/companies/compal/jobs/47014,yourator,sqlite,47014,面議（經常性薪資達4萬元）,"market: ~NT$80,000-120,000/month for software engineers in Taipei"
yourator,仁寶電腦工業股份有限公司,PA0202 NB硬體設計工程師/高級工程師 (內湖),臺北市,https://www.yourator.co/companies/compal/jobs/46955,yourator,sqlite,46955,面議（經常性薪資達4萬元）,market: no benchmark for this role family
yourator,仁寶電腦工業股份有限公司,PA0212 伺服器硬體設計工程師/高級工程師(內湖),臺北市,https://www.yourator.co/companies/compal/jobs/46963,yourator,sqlite,46963,面議（經常性薪資達4萬元）,market: no benchmark for this role family
yourator,仁寶電腦工業股份有限公司,PA0213 伺服器硬體設計工程師_FPGA(內湖),臺北市,https://www.yourator.co/companies/compal/jobs/47003,yourator,sqlite,47003,面議（經常性薪資達4萬元）,market: no benchmark for this role family
yourator,仁寶電腦工業股份有限公司,PA0214 伺服器硬體設計工程師/高級工程師(林口),新北市,https://www.yourator.co/companies/compal/jobs/47028,yourator,sqlite,47028,面議（經常性薪資達4萬元）,market: no benchmark for this role family
yourator,仁寶電腦工業股份有限公司,PA0258 伺服器 Layout 工程師/高級工程師(內湖),臺北市,https://www.yourator.co/companies/compal/jobs/47129,yourator,sqlite,47129,面議（經常性薪資達4萬元）,market: no benchmark for this role family
yourator,仁寶電腦工業股份有限公司,PA0305 NB機構設計工程師(內湖),臺北市,https://www.yourator.co/companies/compal/jobs/47052,yourator,sqlite,47052,面議（經常性薪資達4萬元）,market: no benchmark for this role family
yourator,仁寶電腦工業股份有限公司,PA0305 NB機構設計工程師(平鎮),桃園市,https://www.yourator.co/companies/compal/jobs/47064,yourator,sqlite,47064,面議（經常性薪資達4萬元）,market: no benchmark for this role family
yourator,仁寶電腦工業股份有限公司,PA0306 伺服器機構設計工程師/高級工程師(內湖),臺北市,https://www.yourator.co/companies/compal/jobs/46961,yourator,sqlite,46961,面議（經常性薪資達4萬元）,market: no benchmark for this role family
yourator,仁寶電腦工業股份有限公司,PA0323 伺服器包裝設計工程師/高級工程師 (平鎮/內湖),臺北市,https://www.yourator.co/companies/compal/jobs/46995,yourator,sqlite,46995,"NT$ 36,000 - 60,000 (月薪)",market: no benchmark for this role family
yourator,仁寶電腦工業股份有限公司,PA0324 伺服器結構分析高級工程師 (內湖),桃園市,https://www.yourator.co/companies/compal/jobs/47001,yourator,sqlite,47001,面議（經常性薪資達4萬元）,market: no benchmark for this role family
yourator,仁寶電腦工業股份有限公司,PA0406 車用電子嵌入式系統工程師,臺北市,https://www.yourator.co/companies/compal/jobs/47048,yourator,sqlite,47048,面議（經常性薪資達4萬元）,market: no benchmark for this role family
yourator,仁寶電腦工業股份有限公司,PA0407 車用電子嵌入式Linux工程師,臺北市,https://www.yourator.co/companies/compal/jobs/46965,yourator,sqlite,46965,面議（經常性薪資達4萬元）,market: no benchmark for this role family
yourator,仁寶電腦工業股份有限公司,PA0411 伺服器BMC/IPMI 韌體工程師(內湖),臺北市,https://www.yourator.co/companies/compal/jobs/46960,yourator,sqlite,46960,"NT$ 36,000 - 68,000 (月薪)",market: no benchmark for this role family
yourator,仁寶電腦工業股份有限公司,PA0418 NB韌體工程師/高級工程師(內湖),臺北市,https://www.yourator.co/companies/compal/jobs/47058,yourator,sqlite,47058,面議（經常性薪資達4萬元）,market: no benchmark for this role family
yourator,仁寶電腦工業股份有限公司,PA0436 伺服器硬體輔助軟體開發工程師(內湖),臺北市,https://www.yourator.co/companies/compal/jobs/46981,yourator,sqlite,46981,面議（經常性薪資達4萬元）,market: no benchmark for this role family
yourator,仁寶電腦工業股份有限公司,PA0438 車用電子演算法部署與效能優化工程師(內湖),臺北市,https://www.yourator.co/companies/compal/jobs/46984,yourator,sqlite,46984,面議（經常性薪資達4萬元）,market: no benchmark for this role family
yourator,仁寶電腦工業股份有限公司,PA0441 IPC BIOS 開發工程師,臺北市,https://www.yourator.co/companies/compal/jobs/47059,yourator,sqlite,47059,"NT$ 45,000 - (月薪)",market: no benchmark for this role family
yourator,仁寶電腦工業股份有限公司,PA0478 機器人軟體工程師(Robotics Software Engineer),臺北市,https://www.yourator.co/companies/compal/jobs/47036,yourator,sqlite,47036,面議（經常性薪資達4萬元）,"market: ~NT$80,000-120,000/month for software engineers in Taipei"
yourator,仁寶電腦工業股份有限公司,PA0479 感測器融合工程師,臺北市,https://www.yourator.co/companies/compal/jobs/47047,yourator,sqlite,47047,面議（經常性薪資達4萬元）,market: no benchmark for this role family
yourator,仁寶電腦工業股份有限公司,PA0496 車用電子AI影像資料處理工程師(內湖),臺北市,https://www.yourator.co/companies/compal/jobs/47120,yourator,sqlite,47120,面議（經常性薪資達4萬元）,market: no benchmark for this role family
yourator,仁寶電腦工業股份有限公司,PA0503 車用電子軟體品質測試工程師,臺北市,https://www.yourator.co/companies/compal/jobs/47089,yourator,sqlite,47089,面議（經常性薪資達4萬元）,market: no benchmark for this role family
yourator,仁寶電腦工業股份有限公司,PA0601 NB專案工程師/高級專案工程師 (內湖),臺北市,https://www.yourator.co/companies/compal/jobs/47045,yourator,sqlite,47045,面議（經常性薪資達4萬元）,market: no benchmark for this role family
yourator,仁寶電腦工業股份有限公司,PA0604 伺服器專案工程師/高級專案工程師(內湖),臺北市,https://www.yourator.co/companies/compal/jobs/47081,yourator,sqlite,47081,面議（經常性薪資達4萬元）,market: no benchmark for this role family
yourator,仁寶電腦工業股份有限公司,PA0621 智慧醫療產品_法規專案工程師(內湖),臺北市,https://www.yourator.co/companies/compal/jobs/47211,yourator,sqlite,47211,面議（經常性薪資達4萬元）,market: no benchmark for this role family
yourator,仁寶電腦工業股份有限公司,PA0626 車用電子專案工程師/主管(內湖),臺北市,https://www.yourator.co/companies/compal/jobs/47196,yourator,sqlite,47196,面議（經常性薪資達4萬元）,market: no benchmark for this role family
yourator,仁寶電腦工業股份有限公司,PA1403 NB軟體設計工程師-BIOS(內湖),臺北市,https://www.yourator.co/companies/compal/jobs/47007,yourator,sqlite,47007,面議（經常性薪資達4萬元）,market: no benchmark for this role family
yourator,仁寶電腦工業股份有限公司,PA1406 NB軟體應用工程師/高級工程師 (內湖),臺北市,https://www.yourator.co/companies/compal/jobs/47057,yourator,sqlite,47057,面議（經常性薪資達4萬元）,market: no benchmark for this role family
yourator,仁寶電腦工業股份有限公司,PA1430 影像演算法工程師(內湖),臺北市,https://www.yourator.co/companies/compal/jobs/46971,yourator,sqlite,46971,"NT$ 38,000 - 60,000 (月薪)",market: no benchmark for this role family
yourator,仁寶電腦工業股份有限公司,PA1448 專案工程師(RDPM)(內湖),臺北市,https://www.yourator.co/companies/compal/jobs/46974,yourator,sqlite,46974,"NT$ 30,000 - 60,000 (月薪)",market: no benchmark for this role family
yourator,仁寶電腦工業股份有限公司,PA1452 軟體開發工程師/高級工程師(內湖),臺北市,https://www.yourator.co/companies/compal/jobs/46969,yourator,sqlite,46969,面議（經常性薪資達4萬元）,market: no benchmark for this role family
yourator,仁寶電腦工業股份有限公司,PA1466 AI/AOI軟體開發工程師(內湖),臺北市,https://www.yourator.co/companies/compal/jobs/47182,yourator,sqlite,47182,面議（經常性薪資達4萬元）,market: no benchmark for this role family
yourator,仁寶電腦工業股份有限公司,PA1490 AI軟體應用工程師,臺北市,https://www.yourator.co/companies/compal/jobs/47156,yourator,sqlite,47156,面議（經常性薪資達4萬元）,market: no benchmark for this role family
yourator,仁寶電腦工業股份有限公司,PA1495 初階前端與可視化工程師(AI協作開發),臺北市,https://www.yourator.co/companies/compal/jobs/47100,yourator,sqlite,47100,面議（經常性薪資達4萬元）,market: no benchmark for this role family
yourator,仁寶電腦工業股份有限公司,PA1496 後端工程師(AI應用方向),臺北市,https://www.yourator.co/companies/compal/jobs/47101,yourator,sqlite,47101,面議（經常性薪資達4萬元）,market: no benchmark for this role family
yourator,仁寶電腦工業股份有限公司,PA1497 AI機器學習工程師,臺北市,https://www.yourator.co/companies/compal/jobs/47099,yourator,sqlite,47099,面議（經常性薪資達4萬元）,market: no benchmark for this role family
yourator,仁寶電腦工業股份有限公司,PB0105 伺服器散熱Thermal工程師(內湖/平鎮),桃園市,https://www.yourator.co/companies/compal/jobs/46977,yourator,sqlite,46977,面議（經常性薪資達4萬元）,market: no benchmark for this role family
yourator,仁寶電腦工業股份有限公司,PB0109 熱流Thermal 工程師(內湖),臺北市,https://www.yourator.co/companies/compal/jobs/47056,yourator,sqlite,47056,面議（經常性薪資達4萬元）,market: no benchmark for this role family
yourator,仁寶電腦工業股份有限公司,PB0123 伺服器噪音分析工程師(台北/平鎮),臺北市,https://www.yourator.co/companies/compal/jobs/47044,yourator,sqlite,47044,面議（經常性薪資達4萬元）,market: no benchmark for this role family
yourator,仁寶電腦工業股份有限公司,PB0128 Server infrastructure 熱對策測試工程師,臺北市,https://www.yourator.co/companies/compal/jobs/47086,yourator,sqlite,47086,面議（經常性薪資達4萬元）,market: no benchmark for this role family
yourator,仁寶電腦工業股份有限公司,PB0218 RF認證工程師,臺北市,https://www.yourator.co/companies/compal/jobs/47204,yourator,sqlite,47204,面議（經常性薪資達4萬元）,market: no benchmark for this role family
yourator,仁寶電腦工業股份有限公司,PB0242 伺服器EE/CE 零件工程師(課級),臺北市,https://www.yourator.co/companies/compal/jobs/47033,yourator,sqlite,47033,面議（經常性薪資達4萬元）,market: no benchmark for this role family
yourator,仁寶電腦工業股份有限公司,PB0305 環保事務工程師/高級工程師 (內湖),臺北市,https://www.yourator.co/companies/compal/jobs/47205,yourator,sqlite,47205,面議（經常性薪資達4萬元）,market: no benchmark for this role family
yourator,仁寶電腦工業股份有限公司,PB0306 SAFETY安規工程師/高級工程師 (內湖),臺北市,https://www.yourator.co/companies/compal/jobs/47206,yourator,sqlite,47206,面議（經常性薪資達4萬元）,market: no benchmark for this role family
yourator,仁寶電腦工業股份有限公司,PB0415 NB電源設計工程師(內湖),臺北市,https://www.yourator.co/companies/compal/jobs/47080,yourator,sqlite,47080,面議（經常性薪資達4萬元）,market: no benchmark for this role family
yourator,仁寶電腦工業股份有限公司,PB0553 AI機器學習工程師(內湖),臺北市,https://www.yourator.co/companies/compal/jobs/47133,yourator,sqlite,47133,面議（經常性薪資達4萬元）,market: no benchmark for this role family
yourator,仁寶電腦工業股份有限公司,PB0554 AI機器學習設計經理(內湖),臺北市,https://www.yourator.co/companies/compal/jobs/47134,yourator,sqlite,47134,面議（經常性薪資達4萬元）,market: no benchmark for this role family
yourator,仁寶電腦工業股份有限公司,PB0563 Market Intelligence Analyst,臺北市,https://www.yourator.co/companies/compal/jobs/47039,yourator,sqlite,47039,面議（經常性薪資達4萬元）,"market: ~NT$60,000-90,000/month for analyst roles in Taipei"
yourator,仁寶電腦工業股份有限公司,PCB Layout Engineer / Signal Integrity Engineer,臺北市,https://www.yourator.co/companies/compal/jobs/47011,yourator,sqlite,47011,面議（經常性薪資達4萬元）,"market: ~NT$80,000-120,000/month for software engineers in Taipei"
yourator,仁寶電腦工業股份有限公司,PD0106 Server Fulfillment OM(Neihu),臺北市,https://www.yourator.co/companies/compal/jobs/46990,yourator,sqlite,46990,面議（經常性薪資達4萬元）,market: no benchmark for this role family
yourator,仁寶電腦工業股份有限公司,PD0452 車用產品研發與製造流程之資訊安全管理 工程師/主管(內湖),臺北市,https://www.yourator.co/companies/compal/jobs/46988,yourator,sqlite,46988,面議（經常性薪資達4萬元）,market: no benchmark for this role family
yourator,仁寶電腦工業股份有限公司,PD0702 SAP BASIS 資深主任工程師(副理級),桃園市,https://www.yourator.co/companies/compal/jobs/46983,yourator,sqlite,46983,面議（經常性薪資達4萬元）,market: no benchmark for this role family
yourator,仁寶電腦工業股份有限公司,PD0748 AI數位應用開發工程師(內湖),臺北市,https://www.yourator.co/companies/compal/jobs/46978,yourator,sqlite,46978,面議（經常性薪資達4萬元）,market: no benchmark for this role family
yourator,仁寶電腦工業股份有限公司,PD0759 轉型應用技術工程師 (內湖),臺北市,https://www.yourator.co/companies/compal/jobs/46986,yourator,sqlite,46986,面議（經常性薪資達4萬元）,market: no benchmark for this role family
yourator,仁寶電腦工業股份有限公司,PD0760 AI 資料科學家_理級(內湖),臺北市,https://www.yourator.co/companies/compal/jobs/46996,yourator,sqlite,46996,面議（經常性薪資達4萬元）,market: no benchmark for this role family
yourator,仁寶電腦工業股份有限公司,PD0762 資深系統工程師,臺北市,https://www.yourator.co/companies/compal/jobs/47035,yourator,sqlite,47035,面議（經常性薪資達4萬元）,market: no benchmark for this role family
yourator,仁寶電腦工業股份有限公司,PD0763 系統工程師(內湖),臺北市,https://www.yourator.co/companies/compal/jobs/47034,yourator,sqlite,47034,面議（經常性薪資達4萬元）,market: no benchmark for this role family
yourator,仁寶電腦工業股份有限公司,PD0766 DevOps工程師(內湖),臺北市,https://www.yourator.co/companies/compal/jobs/46980,yourator,sqlite,46980,面議（經常性薪資達4萬元）,market: no benchmark for this role family
yourator,仁寶電腦工業股份有限公司,PD0767 前端軟體開發工程師(內湖),臺北市,https://www.yourator.co/companies/compal/jobs/47020,yourator,sqlite,47020,面議（經常性薪資達4萬元）,market: no benchmark for this role family
yourator,仁寶電腦工業股份有限公司,SI訊號模擬工程師(內湖),臺北市,https://www.yourator.co/companies/compal/jobs/47117,yourator,sqlite,47117,面議（經常性薪資達4萬元）,market: no benchmark for this role family
yourator,仁寶電腦工業股份有限公司,SQ0206 智慧型裝置事業群-伺服器系統整合驗證工程師(Server System Integration & Validation Engineer),臺北市,https://www.yourator.co/companies/compal/jobs/47104,yourator,sqlite,47104,面議（經常性薪資達4萬元）,"market: ~NT$80,000-120,000/month for software engineers in Taipei"
yourator,仁寶電腦工業股份有限公司,SQ0208 智慧型裝置事業群-伺服器硬體驗證工程師/主任工程師,臺北市,https://www.yourator.co/companies/compal/jobs/47198,yourator,sqlite,47198,面議（經常性薪資達4萬元）,market: no benchmark for this role family
yourator,仁寶電腦工業股份有限公司,SR0312 智慧型裝置事業群-Thermal Senior Engineer,臺北市,https://www.yourator.co/companies/compal/jobs/47043,yourator,sqlite,47043,面議（經常性薪資達4萬元）,"market: ~NT$80,000-120,000/month for software engineers in Taipei"
yourator,仁寶電腦工業股份有限公司,SR0404 智慧型裝置事業群-專案管理工程師 (PJE),臺北市,https://www.yourator.co/companies/compal/jobs/47240,yourator,sqlite,47240,"NT$ 31,000 - 60,000 (月薪)",market: no benchmark for this role family
yourator,仁寶電腦工業股份有限公司,SR0416智慧型裝置事業群-法規經理/法規專案工程師(智慧醫療產品),臺北市,https://www.yourator.co/companies/compal/jobs/47116,yourator,sqlite,47116,面議（經常性薪資達4萬元）,market: no benchmark for this role family
yourator,仁寶電腦工業股份有限公司,SR0501 智慧型裝置事業群-醫療產品韌體工程師/課長,臺北市,https://www.yourator.co/companies/compal/jobs/47092,yourator,sqlite,47092,面議（經常性薪資達4萬元）,market: no benchmark for this role family
yourator,仁寶電腦工業股份有限公司,SR0702 智慧型裝置事業群-光學硬體工程師,臺北市,https://www.yourator.co/companies/compal/jobs/47178,yourator,sqlite,47178,面議（經常性薪資達4萬元）,market: no benchmark for this role family
yourator,仁寶電腦工業股份有限公司,Server MFG Automation and Diag Development & onsite Engineer,桃園市,https://www.yourator.co/companies/compal/jobs/47231,yourator,sqlite,47231,面議（經常性薪資達4萬元）,"market: ~NT$80,000-120,000/month for software engineers in Taipei"
yourator,仁寶電腦工業股份有限公司,"Server MFG Automation, Diag Development & onsite Engineer",桃園市,https://www.yourator.co/companies/compal/jobs/47230,yourator,sqlite,47230,面議（經常性薪資達4萬元）,"market: ~NT$80,000-120,000/month for software engineers in Taipei"
yourator,仁寶電腦工業股份有限公司,【115年度研發替代役】NB機構設計工程師(內湖),臺北市,https://www.yourator.co/companies/compal/jobs/47166,yourator,sqlite,47166,面議（經常性薪資達4萬元）,market: no benchmark for this role family
yourator,仁寶電腦工業股份有限公司,【115年度研發替代役】NB熱流Thermal 工程師(內湖),臺北市,https://www.yourator.co/companies/compal/jobs/47161,yourator,sqlite,47161,面議（經常性薪資達4萬元）,market: no benchmark for this role family
yourator,仁寶電腦工業股份有限公司,【115年度研發替代役】NB軟體應用工程師 (內湖),臺北市,https://www.yourator.co/companies/compal/jobs/47162,yourator,sqlite,47162,面議（經常性薪資達4萬元）,market: no benchmark for this role family
yourator,仁寶電腦工業股份有限公司,【115年度研發替代役】NB軟體設計工程師-BIOS(內湖),臺北市,https://www.yourator.co/companies/compal/jobs/47160,yourator,sqlite,47160,面議（經常性薪資達4萬元）,market: no benchmark for this role family
yourator,仁寶電腦工業股份有限公司,【115年度研發替代役】NB韌體工程師(內湖),臺北市,https://www.yourator.co/companies/compal/jobs/47163,yourator,sqlite,47163,面議（經常性薪資達4萬元）,market: no benchmark for this role family
yourator,仁寶電腦工業股份有限公司,【115年度研發替代役】PA0306 伺服器機構設計工程師(內湖),臺北市,https://www.yourator.co/companies/compal/jobs/47169,yourator,sqlite,47169,面議（經常性薪資達4萬元）,market: no benchmark for this role family
yourator,仁寶電腦工業股份有限公司,【115年度研發替代役】SI訊號模擬工程師(內湖),臺北市,https://www.yourator.co/companies/compal/jobs/47177,yourator,sqlite,47177,面議（經常性薪資達4萬元）,market: no benchmark for this role family
yourator,仁寶電腦工業股份有限公司,【115年度研發替代役】伺服器BMC/IPMI 韌體工程師(內湖),臺北市,https://www.yourator.co/companies/compal/jobs/47165,yourator,sqlite,47165,面議（經常性薪資達4萬元）,market: no benchmark for this role family
yourator,仁寶電腦工業股份有限公司,【115年度研發替代役】伺服器DC/DC電源設計工程師(內湖),臺北市,https://www.yourator.co/companies/compal/jobs/47164,yourator,sqlite,47164,面議（經常性薪資達4萬元）,market: no benchmark for this role family
yourator,仁寶電腦工業股份有限公司,【115年度研發替代役】伺服器熱流Thermal工程師(內湖),臺北市,https://www.yourator.co/companies/compal/jobs/47168,yourator,sqlite,47168,面議（經常性薪資達4萬元）,market: no benchmark for this role family
yourator,仁寶電腦工業股份有限公司,【115年度研發替代役】伺服器硬體設計工程師(內湖),臺北市,https://www.yourator.co/companies/compal/jobs/47172,yourator,sqlite,47172,面議（經常性薪資達4萬元）,market: no benchmark for this role family
yourator,仁寶電腦工業股份有限公司,【115年度研發替代役】伺服器硬體輔助軟體開發工程師(內湖),臺北市,https://www.yourator.co/companies/compal/jobs/47175,yourator,sqlite,47175,面議（經常性薪資達4萬元）,market: no benchmark for this role family
yourator,仁寶電腦工業股份有限公司,【115年度研發替代役】車用電子功能安全及網絡安全工程師/主任(內湖),臺北市,https://www.yourator.co/companies/compal/jobs/47171,yourator,sqlite,47171,面議（經常性薪資達4萬元）,market: no benchmark for this role family
yourator,仁寶電腦工業股份有限公司,【115年度研發替代役】車用電子硬體設計工程師(內湖),臺北市,https://www.yourator.co/companies/compal/jobs/47176,yourator,sqlite,47176,面議（經常性薪資達4萬元）,market: no benchmark for this role family
yourator,仁寶電腦工業股份有限公司,【仁寶電腦原住民徵才專區】-研發及製造工程師/管理師/主管,臺北市,https://www.yourator.co/companies/compal/jobs/46970,yourator,sqlite,46970,"NT$ 35,000 - 60,000 (月薪)",market: no benchmark for this role family
yourator,仁寶電腦工業股份有限公司,伺服器主板測試分析(BFT)工程師/主管(平鎮/楊梅) - TWIF3805,桃園市,https://www.yourator.co/companies/compal/jobs/47127,yourator,sqlite,47127,面議（經常性薪資達4萬元）,market: no benchmark for this role family
yourator,仁寶電腦工業股份有限公司,伺服器品保工程師(平鎮/楊梅) - TWPF4102,桃園市,https://www.yourator.co/companies/compal/jobs/47209,yourator,sqlite,47209,面議（經常性薪資達4萬元）,market: no benchmark for this role family
yourator,仁寶電腦工業股份有限公司,伺服器產線測試助理工程師 (平鎮/楊梅) - TWIF3804,桃園市,https://www.yourator.co/companies/compal/jobs/47128,yourator,sqlite,47128,面議（經常性薪資達4萬元）,market: no benchmark for this role family
yourator,仁寶電腦工業股份有限公司,伺服器組裝帶線工程師(平鎮/楊梅) - TWIF4001,桃園市,https://www.yourator.co/companies/compal/jobs/47126,yourator,sqlite,47126,面議（經常性薪資達4萬元）,market: no benchmark for this role family
yourator,仁寶電腦工業股份有限公司,伺服器製程工程師PE(平鎮/楊梅)-TWIF3902,桃園市,https://www.yourator.co/companies/compal/jobs/47186,yourator,sqlite,47186,面議（經常性薪資達4萬元）,market: no benchmark for this role family
yourator,仁寶電腦工業股份有限公司,伺服器進料品質工程師 (平鎮/楊梅) - TWPF4101,桃園市,https://www.yourator.co/companies/compal/jobs/47208,yourator,sqlite,47208,面議（經常性薪資達4萬元）,market: no benchmark for this role family
yourator,仁寶電腦工業股份有限公司,前端軟體開發工程師(內湖),臺北市,https://www.yourator.co/companies/compal/jobs/47190,yourator,sqlite,47190,面議（經常性薪資達4萬元）,market: no benchmark for this role family
yourator,仁寶電腦工業股份有限公司,網管高級工程師 (平鎮/楊梅) - TWEI2501,桃園市,https://www.yourator.co/companies/compal/jobs/47105,yourator,sqlite,47105,"NT$ 42,000 - (月薪)",market: no benchmark for this role family
yourator,仁寶電腦工業股份有限公司,車電硬體設計工程師/高級工程師（內湖） - TWPR1201,臺北市,https://www.yourator.co/companies/compal/jobs/47220,yourator,sqlite,47220,面議（經常性薪資達4萬元）,market: no benchmark for this role family
yourator,仁寶電腦工業股份有限公司,軟體專案工程師(內湖/桃園),臺北市,https://www.yourator.co/companies/compal/jobs/47193,yourator,sqlite,47193,面議（經常性薪資達4萬元）,market: no benchmark for this role family
yourator,仁寶電腦工業股份有限公司,軟體測試工程師,臺北市,https://www.yourator.co/companies/compal/jobs/47018,yourator,sqlite,47018,面議（經常性薪資達4萬元）,market: no benchmark for this role family
yourator,伊原力科技,Salesforce AI Agentforce 顧問,臺北市,https://www.yourator.co/companies/may4s/jobs/38072,yourator,sqlite,38072,面議（經常性薪資達4萬元）,market: no benchmark for this role family
yourator,伊原力科技,Salesforce 雲端平台開發工程師 -面試後，即獲得精緻美食禮券獎勵,臺北市,https://www.yourator.co/companies/may4s/jobs/31068,yourator,sqlite,31068,面議（經常性薪資達4萬元）,market: no benchmark for this role family
yourator,信義房屋 Sinyi Realty,【PropTech數位人才招募】主機網路工程師 l 資服資安管理部,臺北市,https://www.yourator.co/companies/sinyi/jobs/42188,yourator,sqlite,42188,面議（經常性薪資達4萬元）,market: no benchmark for this role family
yourator,信義房屋 Sinyi Realty,【PropTech數位人才招募】資深後端工程師｜實驗店,臺北市,https://www.yourator.co/companies/sinyi/jobs/43179,yourator,sqlite,43179,面議（經常性薪資達4萬元）,market: no benchmark for this role family
yourator,優式資本 UC Capital,AI 金融交易研發工程師,臺北市,https://www.yourator.co/companies/UCCapital/jobs/39318,yourator,sqlite,39318,"NT$ 1,200,000 - 3,600,000 (年薪)",market: no benchmark for this role family
yourator,優式資本 UC Capital,C# 工程師,臺北市,https://www.yourator.co/companies/UCCapital/jobs/39326,yourator,sqlite,39326,"NT$ 1,400,000 - 3,200,000 (年薪)",market: no benchmark for this role family
yourator,優式資本 UC Capital,網路工程師,臺北市,https://www.yourator.co/companies/UCCapital/jobs/47801,yourator,sqlite,47801,面議（經常性薪資達4萬元）,market: no benchmark for this role family
yourator,優式資本 UC Capital,軟體工程師,臺北市,https://www.yourator.co/companies/UCCapital/jobs/45686,yourator,sqlite,45686,"NT$ 1,200,000 - 3,600,000 (年薪)",market: no benchmark for this role family
yourator,優式資本 UC Capital,量化資料分析師,臺北市,https://www.yourator.co/companies/UCCapital/jobs/46849,yourator,sqlite,46849,面議（經常性薪資達4萬元）,market: no benchmark for this role family
yourator,元大金控,元大金控-資訊安全部-SOC資安工程師,臺北市,https://www.yourator.co/companies/yuanta/jobs/47260,yourator,sqlite,47260,面議（經常性薪資達4萬元）,market: no benchmark for this role family
yourator,元大金控,元大金控-資訊安全部-資安分析師,臺北市,https://www.yourator.co/companies/yuanta/jobs/47261,yourator,sqlite,47261,面議（經常性薪資達4萬元）,market: no benchmark for this role family
yourator,動力安全資訊股份有限公司 Dynasafe,[ADN] F5產品資安資深工程師/ 技術師 (台北),臺北市,https://www.yourator.co/companies/dynasafe/jobs/41575,yourator,sqlite,41575,"NT$ 55,000 - (月薪)",market: no benchmark for this role family
yourator,動力安全資訊股份有限公司 Dynasafe,[AI] MIS 工程師,臺北市,https://www.yourator.co/companies/dynasafe/jobs/24460,yourator,sqlite,24460,"NT$ 30,000 - (月薪)",market: no benchmark for this role family
yourator,動力安全資訊股份有限公司 Dynasafe,[AST] 網路工程師,臺北市,https://www.yourator.co/companies/dynasafe/jobs/24416,yourator,sqlite,24416,面議（經常性薪資達4萬元）,market: no benchmark for this role family
yourator,動力安全資訊股份有限公司 Dynasafe,[AST] 駐點工程師,臺北市,https://www.yourator.co/companies/dynasafe/jobs/41587,yourator,sqlite,41587,"NT$ 38,000 - (月薪)",market: no benchmark for this role family
yourator,動力安全資訊股份有限公司 Dynasafe,[CNS] 雲端平台JAVA後端 資深工程師,臺北市,https://www.yourator.co/companies/dynasafe/jobs/41598,yourator,sqlite,41598,面議（經常性薪資達4萬元）,market: no benchmark for this role family
yourator,動力安全資訊股份有限公司 Dynasafe,[CNS]雲原生容器平台DevOps/SRE工程師,臺北市,https://www.yourator.co/companies/dynasafe/jobs/41599,yourator,sqlite,41599,面議（經常性薪資達4萬元）,market: no benchmark for this role family
yourator,動力安全資訊股份有限公司 Dynasafe,[CS] AI基礎架構工程師,臺北市,https://www.yourator.co/companies/dynasafe/jobs/41581,yourator,sqlite,41581,面議（經常性薪資達4萬元）,market: no benchmark for this role family
yourator,動力安全資訊股份有限公司 Dynasafe,[CS] 平台自動化工程師,臺北市,https://www.yourator.co/companies/dynasafe/jobs/41596,yourator,sqlite,41596,面議（經常性薪資達4萬元）,market: no benchmark for this role family
yourator,動力安全資訊股份有限公司 Dynasafe,[CS] 虛擬化工程師,臺北市,https://www.yourator.co/companies/dynasafe/jobs/41582,yourator,sqlite,41582,"NT$ 36,000 - 55,000 (月薪)",market: no benchmark for this role family
yourator,動力安全資訊股份有限公司 Dynasafe,[CS] 資深自動化平台自動化工程師,臺北市,https://www.yourator.co/companies/dynasafe/jobs/41597,yourator,sqlite,41597,面議（經常性薪資達4萬元）,market: no benchmark for this role family
yourator,動力安全資訊股份有限公司 Dynasafe,[CS] 資深虛擬化工程師,臺北市,https://www.yourator.co/companies/dynasafe/jobs/41568,yourator,sqlite,41568,"NT$ 65,000 - (月薪)",market: no benchmark for this role family
yourator,動力安全資訊股份有限公司 Dynasafe,[DI] 大數據工程師,臺北市,https://www.yourator.co/companies/dynasafe/jobs/41601,yourator,sqlite,41601,"NT$ 30,000 - 40,000 (月薪)",market: no benchmark for this role family
yourator,動力安全資訊股份有限公司 Dynasafe,[Data] 資料庫管理DBA工程師,臺北市,https://www.yourator.co/companies/dynasafe/jobs/24464,yourator,sqlite,24464,面議（經常性薪資達4萬元）,market: no benchmark for this role family
yourator,動力安全資訊股份有限公司 Dynasafe,[EIS] .NET Core (資深)工程師,臺北市,https://www.yourator.co/companies/dynasafe/jobs/41600,yourator,sqlite,41600,面議（經常性薪資達4萬元）,market: no benchmark for this role family
yourator,動力安全資訊股份有限公司 Dynasafe,[MIS}全端應用軟體工程師,臺北市,https://www.yourator.co/companies/dynasafe/jobs/41603,yourator,sqlite,41603,面議（經常性薪資達4萬元）,market: no benchmark for this role family
yourator,動力安全資訊股份有限公司 Dynasafe,[PD] QA Engineer,臺北市,https://www.yourator.co/companies/dynasafe/jobs/38401,yourator,sqlite,38401,面議（經常性薪資達4萬元）,"market: ~NT$80,000-120,000/month for software engineers in Taipei"
yourator,動力安全資訊股份有限公司 Dynasafe,[SEC] 資安產品工程師,臺北市,https://www.yourator.co/companies/dynasafe/jobs/41585,yourator,sqlite,41585,面議（經常性薪資達4萬元）,market: no benchmark for this role family
yourator,動力安全資訊股份有限公司 Dynasafe,[SEC] 資安產品工程師,臺北市,https://www.yourator.co/companies/dynasafe/jobs/38397,yourator,sqlite,38397,"NT$ 38,000 - 55,000 (月薪)",market: no benchmark for this role family
yourator,動力安全資訊股份有限公司 Dynasafe,[SO] 維運系統助理工程師,臺北市,https://www.yourator.co/companies/dynasafe/jobs/41570,yourator,sqlite,41570,"NT$ 30,000 - (月薪)",market: no benchmark for this role family
yourator,動力安全資訊股份有限公司 Dynasafe,[SO] 維運系統工程師,臺北市,https://www.yourator.co/companies/dynasafe/jobs/41569,yourator,sqlite,41569,面議（經常性薪資達4萬元）,market: no benchmark for this role family
yourator,動力安全資訊股份有限公司 Dynasafe,[STO] 儲存系統助理工程師,臺北市,https://www.yourator.co/companies/dynasafe/jobs/41584,yourator,sqlite,41584,"NT$ 30,000 - (月薪)",market: no benchmark for this role family
yourator,動力安全資訊股份有限公司 Dynasafe,[STO] 儲存系統工程師,臺北市,https://www.yourator.co/companies/dynasafe/jobs/41580,yourator,sqlite,41580,面議（經常性薪資達4萬元）,market: no benchmark for this role family
yourator,動力安全資訊股份有限公司 Dynasafe,[STO] 資料備份工程師,臺北市,https://www.yourator.co/companies/dynasafe/jobs/41588,yourator,sqlite,41588,面議（經常性薪資達4萬元）,market: no benchmark for this role family
yourator,動力安全資訊股份有限公司 Dynasafe,網路工程師(新竹),新竹縣,https://www.yourator.co/companies/dynasafe/jobs/41564,yourator,sqlite,41564,面議（經常性薪資達4萬元）,market: no benchmark for this role family
yourator,動力安全資訊股份有限公司 Dynasafe,設備設施維護管理工程師,臺北市,https://www.yourator.co/companies/dynasafe/jobs/41611,yourator,sqlite,41611,面議（經常性薪資達4萬元）,market: no benchmark for this role family
yourator,動力安全資訊股份有限公司 Dynasafe,設備設施維護管理工程師,臺北市,https://www.yourator.co/companies/dynasafe/jobs/25636,yourator,sqlite,25636,"NT$ 35,000 - (月薪)",market: no benchmark for this role family
yourator,十論科技股份有限公司,AI 工程師 ｜ AI Engineer,臺北市,https://www.yourator.co/companies/Tricuss/jobs/47782,yourator,sqlite,47782,面議（經常性薪資達4萬元）,"market: ~NT$122,000/month entry ML engineer (NT$1.47M/yr)"
yourator,十論科技股份有限公司,DevOps 工程師 ｜ DevOps Engineer,臺北市,https://www.yourator.co/companies/Tricuss/jobs/47783,yourator,sqlite,47783,面議（經常性薪資達4萬元）,"market: ~NT$80,000-120,000/month for software engineers in Taipei"
yourator,十論科技股份有限公司,前線部署工程師 ｜ Forward Deployed Engineer (FDE),臺北市,https://www.yourator.co/companies/Tricuss/jobs/47784,yourator,sqlite,47784,"NT$ 800,000 - 1,500,000 (年薪)","market: ~NT$80,000-120,000/month for software engineers in Taipei"
yourator,十論科技股份有限公司,資深軟體工程師 (全端) ｜ Senior Software Engineer (Fullstack),臺北市,https://www.yourator.co/companies/Tricuss/jobs/47789,yourator,sqlite,47789,面議（經常性薪資達4萬元）,"market: ~NT$80,000-120,000/month for software engineers in Taipei"
yourator,十論科技股份有限公司,資深軟體工程師 (後端) ｜ Senior Software Engineer (Backend),臺北市,https://www.yourator.co/companies/Tricuss/jobs/47788,yourator,sqlite,47788,"NT$ 1,200,000 - (月薪)","market: ~NT$80,000-120,000/month for software engineers in Taipei"
yourator,十論科技股份有限公司,軟體工程師 (前端) ｜ Software Engineer (Frontend),臺北市,https://www.yourator.co/companies/Tricuss/jobs/47779,yourator,sqlite,47779,面議（經常性薪資達4萬元）,"market: ~NT$80,000-120,000/month for software engineers in Taipei"
yourator,十論科技股份有限公司,軟體工程師 (後端) ｜ Software Engineer (Backend),臺北市,https://www.yourator.co/companies/Tricuss/jobs/47778,yourator,sqlite,47778,面議（經常性薪資達4萬元）,"market: ~NT$80,000-120,000/month for software engineers in Taipei"
yourator,台灣大哥大,107 資料分析/數據工程師(可遠端工作),臺北市,https://www.yourator.co/companies/taiwanmobile/jobs/25039,yourator,sqlite,25039,"NT$ 810,000 - 1,080,000 (年薪)",market: no benchmark for this role family
yourator,台灣大哥大,D635 MyVideo 數據分析師(可遠端工作),臺北市,https://www.yourator.co/companies/taiwanmobile/jobs/47348,yourator,sqlite,47348,面議（經常性薪資達4萬元）,market: no benchmark for this role family
yourator,台灣大哥大,"I102 Java全端軟體工程師(台北/高雄皆可,可遠端工作)",臺北市,https://www.yourator.co/companies/taiwanmobile/jobs/24540,yourator,sqlite,24540,"NT$ 810,000 - 1,079,998 (年薪)",market: no benchmark for this role family
yourator,台灣大哥大,I106 .NET工程師(可遠端工作),臺北市,https://www.yourator.co/companies/taiwanmobile/jobs/24249,yourator,sqlite,24249,"NT$ 810,000 - 1,080,000 (年薪)",market: no benchmark for this role family
yourator,台灣大哥大,I188 電商平台SRE工程師,臺北市,https://www.yourator.co/companies/taiwanmobile/jobs/36623,yourator,sqlite,36623,面議（經常性薪資達4萬元）,market: no benchmark for this role family
yourator,台灣大哥大,I98 OA/Helpdesk 工程師,臺北市,https://www.yourator.co/companies/taiwanmobile/jobs/24929,yourator,sqlite,24929,"NT$ 770,000 - 950,000 (年薪)",market: no benchmark for this role family
yourator,台灣帆軟,企業數據與 AI 顧問（B2B 業務）,新竹縣,https://www.yourator.co/companies/Fanruan/jobs/48061,yourator,sqlite,48061,"NT$ 40,000 - (月薪)",market: no benchmark for this role family
yourator,台灣帆軟,馬來中方銷售（Senior Sales Executive / Senior Sales Engineer）,新竹縣,https://www.yourator.co/companies/Fanruan/jobs/48064,yourator,sqlite,48064,"NT$ 70,000 - (月薪)","market: ~NT$80,000-120,000/month for software engineers in Taipei"
yourator,和泰汽車 Hotai Motor,資安技術維運與自動化工程師,臺北市,https://www.yourator.co/companies/hotaimotor/jobs/47885,yourator,sqlite,47885,"NT$ 44,000 - 76,000 (月薪)",market: no benchmark for this role family
yourator,國泰金控 Cathay Financial Holdings,"Angular程式設計師 Software Engineer -集團徵才-數據科技科(數數發中心, DDT)",臺北市,https://www.yourator.co/companies/Cathay-Financial-Holding/jobs/19811,yourator,sqlite,19811,面議（經常性薪資達4萬元）,"market: ~NT$80,000-120,000/month for software engineers in Taipei"
yourator,國泰金控 Cathay Financial Holdings,"Java程式設計師 Software Engineer -集團徵才-數據科技科(數數發中心, DDT)",臺北市,https://www.yourator.co/companies/Cathay-Financial-Holding/jobs/19812,yourator,sqlite,19812,面議（經常性薪資達4萬元）,"market: ~NT$80,000-120,000/month for software engineers in Taipei"
yourator,國泰金控 Cathay Financial Holdings,"Site Reliability Engineer（SRE）(數數發中心, DDT)",臺北市,https://www.yourator.co/companies/Cathay-Financial-Holding/jobs/32867,yourator,sqlite,32867,面議（經常性薪資達4萬元）,"market: ~NT$80,000-120,000/month for software engineers in Taipei"
yourator,國泰金控 Cathay Financial Holdings,人力資源數據分析師 (People Analytics),臺北市,https://www.yourator.co/companies/Cathay-Financial-Holding/jobs/34506,yourator,sqlite,34506,面議（經常性薪資達4萬元）,"market: ~NT$60,000-90,000/month for analyst roles in Taipei"
yourator,國泰金控 Cathay Financial Holdings,"前端系統區塊鏈應用工程師(Frontend) Blockchain Application Engineer (RD) (數數發中心, DDT)",臺北市,https://www.yourator.co/companies/Cathay-Financial-Holding/jobs/32861,yourator,sqlite,32861,面議（經常性薪資達4萬元）,"market: ~NT$80,000-120,000/month for software engineers in Taipei"
yourator,國泰金控 Cathay Financial Holdings,"區塊鏈工程師 Blockchain Engineer (RD) (數數發中心, DDT)",臺北市,https://www.yourator.co/companies/Cathay-Financial-Holding/jobs/19797,yourator,sqlite,19797,面議（經常性薪資達4萬元）,"market: ~NT$80,000-120,000/month for software engineers in Taipei"
yourator,國泰金控 Cathay Financial Holdings,"商業數據分析師 BA/Business Analyst -數據科技(數數發中心, DDT)",臺北市,https://www.yourator.co/companies/Cathay-Financial-Holding/jobs/19761,yourator,sqlite,19761,面議（經常性薪資達4萬元）,"market: ~NT$60,000-90,000/month for analyst roles in Taipei"
yourator,國泰金控 Cathay Financial Holdings,平台微服務開發工程師,臺北市,https://www.yourator.co/companies/Cathay-Financial-Holding/jobs/32746,yourator,sqlite,32746,面議（經常性薪資達4萬元）,market: no benchmark for this role family
yourator,國泰金控 Cathay Financial Holdings,"平台維運工程師 Devops-數據科技科(數數發中心, DDT)",臺北市,https://www.yourator.co/companies/Cathay-Financial-Holding/jobs/19818,yourator,sqlite,19818,面議（經常性薪資達4萬元）,market: no benchmark for this role family
yourator,國泰金控 Cathay Financial Holdings,"微服務開發工程師(數數發中心, DDT)",臺北市,https://www.yourator.co/companies/Cathay-Financial-Holding/jobs/19834,yourator,sqlite,19834,面議（經常性薪資達4萬元）,market: no benchmark for this role family
yourator,國泰金控 Cathay Financial Holdings,"數據應用工程師 Data Engineer -數據科技科(數數發中心, DDT)",臺北市,https://www.yourator.co/companies/Cathay-Financial-Holding/jobs/19724,yourator,sqlite,19724,面議（經常性薪資達4萬元）,"market: ~NT$80,000-120,000/month for software engineers in Taipei"
yourator,國泰金控 Cathay Financial Holdings,"數據維運工程師 Data Engineer -數據科技科(數數發中心, DDT)",臺北市,https://www.yourator.co/companies/Cathay-Financial-Holding/jobs/19728,yourator,sqlite,19728,面議（經常性薪資達4萬元）,"market: ~NT$80,000-120,000/month for software engineers in Taipei"
yourator,國泰金控 Cathay Financial Holdings,"數據軟體工程師 Data Engineer -數據科技科(數數發中心, DDT)",臺北市,https://www.yourator.co/companies/Cathay-Financial-Holding/jobs/19808,yourator,sqlite,19808,面議（經常性薪資達4萬元）,"market: ~NT$80,000-120,000/month for software engineers in Taipei"
yourator,國泰金控 Cathay Financial Holdings,"東南亞金融科技發展-商業分析師（數數發中心, DDT）",臺北市,https://www.yourator.co/companies/Cathay-Financial-Holding/jobs/24120,yourator,sqlite,24120,面議（經常性薪資達4萬元）,market: no benchmark for this role family
yourator,國泰金控 Cathay Financial Holdings,"用戶體驗研究員 UX Researcher (數數發中心, DDT)",臺北市,https://www.yourator.co/companies/Cathay-Financial-Holding/jobs/25666,yourator,sqlite,25666,面議（經常性薪資達4萬元）,market: no benchmark for this role family
yourator,國泰金控 Cathay Financial Holdings,系統分析師(SA),臺北市,https://www.yourator.co/companies/Cathay-Financial-Holding/jobs/32748,yourator,sqlite,32748,面議（經常性薪資達4萬元）,market: no benchmark for this role family
yourator,國泰金控 Cathay Financial Holdings,"資料倉儲工程師 Data Engineer -數據科技科(數數發中心, DDT)",臺北市,https://www.yourator.co/companies/Cathay-Financial-Holding/jobs/19814,yourator,sqlite,19814,面議（經常性薪資達4萬元）,"market: ~NT$80,000-120,000/month for software engineers in Taipei"
yourator,國泰金控 Cathay Financial Holdings,"資料科學分析師 Data Scientist - 人工智慧科技 (數數發中心, DDT)",臺北市,https://www.yourator.co/companies/Cathay-Financial-Holding/jobs/37434,yourator,sqlite,37434,面議（經常性薪資達4萬元）,"market: ~NT$100,000/month median Taipei (NT$79,000 at the 25th percentile)"
yourator,國泰金控 Cathay Financial Holdings,"資料科學家 Data Scientist-數據科技(數數發中心, DDT)",臺北市,https://www.yourator.co/companies/Cathay-Financial-Holding/jobs/19822,yourator,sqlite,19822,面議（經常性薪資達4萬元）,"market: ~NT$100,000/month median Taipei (NT$79,000 at the 25th percentile)"
yourator,國泰金控 Cathay Financial Holdings,"資料科學工程師 ( K8s 平台產品開發 ) -資料科學研發科 (數數發中心, DDT)",臺北市,https://www.yourator.co/companies/Cathay-Financial-Holding/jobs/25207,yourator,sqlite,25207,面議（經常性薪資達4萬元）,market: no benchmark for this role family
yourator,國泰金控 Cathay Financial Holdings,"資料科學工程師 ( 數據產品前端開發 ) - 資料科學研發科 (數數發中心, DDT)",臺北市,https://www.yourator.co/companies/Cathay-Financial-Holding/jobs/32782,yourator,sqlite,32782,面議（經常性薪資達4萬元）,market: no benchmark for this role family
yourator,國泰金控 Cathay Financial Holdings,"資料科學工程師（Python/Java/Scala 程式開發）- 資料科學研發科 (數數發中心, DDT)",臺北市,https://www.yourator.co/companies/Cathay-Financial-Holding/jobs/19757,yourator,sqlite,19757,面議（經常性薪資達4萬元）,market: no benchmark for this role family
yourator,國泰金控 Cathay Financial Holdings,"資深區塊鏈工程師 Senior Blockchain Engineer (RD) (數數發中心, DDT)",臺北市,https://www.yourator.co/companies/Cathay-Financial-Holding/jobs/19798,yourator,sqlite,19798,面議（經常性薪資達4萬元）,"market: ~NT$80,000-120,000/month for software engineers in Taipei"
yourator,國泰金控 Cathay Financial Holdings,"資深用戶體驗研究員 Senior UX Researcher (數數發中心, DDT)",臺北市,https://www.yourator.co/companies/Cathay-Financial-Holding/jobs/25670,yourator,sqlite,25670,面議（經常性薪資達4萬元）,market: no benchmark for this role family
yourator,國泰金控 Cathay Financial Holdings,"資深資料科學分析師 Data Scientist - 集團徵才 - 數據科技(數數發中心, DDT)",臺北市,https://www.yourator.co/companies/Cathay-Financial-Holding/jobs/25883,yourator,sqlite,25883,面議（經常性薪資達4萬元）,"market: ~NT$100,000/month median Taipei (NT$79,000 at the 25th percentile)"
yourator,國泰金控 Cathay Financial Holdings,"資深資料科學工程師 ( SQA自動化開發工程師 ) - 資料科學研發科 (數數發中心, DDT)",臺北市,https://www.yourator.co/companies/Cathay-Financial-Holding/jobs/19813,yourator,sqlite,19813,面議（經常性薪資達4萬元）,market: no benchmark for this role family
yourator,國泰金控 Cathay Financial Holdings,資訊系統維運專業人員-網路管理維運工程師(網管),臺北市,https://www.yourator.co/companies/Cathay-Financial-Holding/jobs/32747,yourator,sqlite,32747,面議（經常性薪資達4萬元）,market: no benchmark for this role family
yourator,國泰金控 Cathay Financial Holdings,"軟體測試開發工程師 QA/Software Engineer in Test -- Mobile (數數發中心, DDT)",臺北市,https://www.yourator.co/companies/Cathay-Financial-Holding/jobs/19725,yourator,sqlite,19725,面議（經常性薪資達4萬元）,"market: ~NT$80,000-120,000/month for software engineers in Taipei"
yourator,國泰金控 Cathay Financial Holdings,"軟體開發工程師 Java Engineer(數數發中心, DDT)",臺北市,https://www.yourator.co/companies/Cathay-Financial-Holding/jobs/19723,yourator,sqlite,19723,面議（經常性薪資達4萬元）,"market: ~NT$80,000-120,000/month for software engineers in Taipei"
yourator,國泰金控 Cathay Financial Holdings,"雲端DevOps工程師(數數發中心, DDT)",臺北市,https://www.yourator.co/companies/Cathay-Financial-Holding/jobs/32865,yourator,sqlite,32865,面議（經常性薪資達4萬元）,market: no benchmark for this role family
yourator,國泰金控 Cathay Financial Holdings,"雲端SRE工程師(數數發中心, DDT)",臺北市,https://www.yourator.co/companies/Cathay-Financial-Holding/jobs/32864,yourator,sqlite,32864,面議（經常性薪資達4萬元）,market: no benchmark for this role family
yourator,國泰金控 Cathay Financial Holdings,"雲端平台工程師 (數數發中心, DDT)",臺北市,https://www.yourator.co/companies/Cathay-Financial-Holding/jobs/19816,yourator,sqlite,19816,面議（經常性薪資達4萬元）,market: no benchmark for this role family
yourator,天下雜誌股份有限公司,《天下雜誌》AI 商業策略經理 ｜ AI Business Strategist,臺北市,https://www.yourator.co/companies/COMMONWEALTH/jobs/46714,yourator,sqlite,46714,面議（經常性薪資達4萬元）,market: no benchmark for this role family
yourator,天下雜誌股份有限公司,《天下雜誌》AI 專案經理 ｜ AI PM,臺北市,https://www.yourator.co/companies/COMMONWEALTH/jobs/46715,yourator,sqlite,46715,面議（經常性薪資達4萬元）,market: no benchmark for this role family
yourator,天下雜誌股份有限公司,《天下雜誌》MIS 工程師,臺北市,https://www.yourator.co/companies/COMMONWEALTH/jobs/46058,yourator,sqlite,46058,"NT$ 38,000 - 55,000 (月薪)",market: no benchmark for this role family
yourator,天下雜誌股份有限公司,《天下雜誌》主任前端工程師,臺北市,https://www.yourator.co/companies/COMMONWEALTH/jobs/40741,yourator,sqlite,40741,面議（經常性薪資達4萬元）,market: no benchmark for this role family
yourator,天下雜誌股份有限公司,《天下雜誌》資訊科技部_雲端工程師,臺北市,https://www.yourator.co/companies/COMMONWEALTH/jobs/47368,yourator,sqlite,47368,"NT$ 70,000 - 90,000 (月薪)",market: no benchmark for this role family
yourator,天下雜誌股份有限公司,《天下雜誌》資訊部 AI Product Manager（AI Agent / Platform）,臺北市,https://www.yourator.co/companies/COMMONWEALTH/jobs/47369,yourator,sqlite,47369,"NT$ 55,000 - 65,000 (月薪)",market: no benchmark for this role family
yourator,奇翼醫電股份有限公司,臨床研究專員 Clinical Research Specialist,新竹縣,https://www.yourator.co/companies/singularwings/jobs/47653,yourator,sqlite,47653,面議（經常性薪資達4萬元）,market: no benchmark for this role family
yourator,奇翼醫電股份有限公司,軟體測試開發工程師,新竹縣,https://www.yourator.co/companies/singularwings/jobs/47590,yourator,sqlite,47590,面議（經常性薪資達4萬元）,market: no benchmark for this role family
yourator,宇宙製造股份有限公司,【彈性遠端】行銷企劃經理｜AI 社交學習情緒教育校園第一品牌,新北市,https://www.yourator.co/companies/aisolly/jobs/48206,yourator,sqlite,48206,"NT$ 42,000 - 60,000 (月薪)",market: no benchmark for this role family
yourator,安容科技股份有限公司,AI Engineering Manager / AI 工程經理,臺北市,https://www.yourator.co/companies/anrotec/jobs/47631,yourator,sqlite,47631,面議（經常性薪資達4萬元）,"market: ~NT$122,000/month entry ML engineer (NT$1.47M/yr)"
yourator,寶碩財務科技,【金融創新部】商業分析師,臺北市,https://www.yourator.co/companies/apex/jobs/46237,yourator,sqlite,46237,"NT$ 40,000 - 80,000 (月薪)",market: no benchmark for this role family
yourator,寶碩財務科技,【金融創新部】系統分析師,臺北市,https://www.yourator.co/companies/apex/jobs/46233,yourator,sqlite,46233,"NT$ 50,000 - 90,000 (年薪)",market: no benchmark for this role family
yourator,岸雷科技股份有限公司,Founding Drone Integration Engineer | 資深無人機整合工程師,臺北市,https://www.yourator.co/companies/aenea/jobs/48221,yourator,sqlite,48221,面議（經常性薪資達4萬元）,"market: ~NT$80,000-120,000/month for software engineers in Taipei"
yourator,岸雷科技股份有限公司,Founding Hardware Engineer | 資深硬體工程師,臺北市,https://www.yourator.co/companies/aenea/jobs/48220,yourator,sqlite,48220,面議（經常性薪資達4萬元）,"market: ~NT$80,000-120,000/month for software engineers in Taipei"
yourator,岸雷科技股份有限公司,Founding ML Engineer | 資深機器學習工程師,臺北市,https://www.yourator.co/companies/aenea/jobs/48219,yourator,sqlite,48219,面議（經常性薪資達4萬元）,"market: ~NT$122,000/month entry ML engineer (NT$1.47M/yr)"
yourator,康舒科技股份有限公司 AcBel Polytech Inc.,RD測試工程師,臺北市,https://www.yourator.co/companies/acbel/jobs/41672,yourator,sqlite,41672,"NT$ 38,500 - (月薪)",market: no benchmark for this role family
yourator,康舒科技股份有限公司 AcBel Polytech Inc.,品保工程師,新北市,https://www.yourator.co/companies/acbel/jobs/41660,yourator,sqlite,41660,面議（經常性薪資達4萬元）,market: no benchmark for this role family
yourator,康舒科技股份有限公司 AcBel Polytech Inc.,安規工程師,臺北市,https://www.yourator.co/companies/acbel/jobs/41661,yourator,sqlite,41661,"NT$ 36,000 - (月薪)",market: no benchmark for this role family
yourator,康舒科技股份有限公司 AcBel Polytech Inc.,廠務工程師,新北市,https://www.yourator.co/companies/acbel/jobs/41667,yourator,sqlite,41667,面議（經常性薪資達4萬元）,market: no benchmark for this role family
yourator,康舒科技股份有限公司 AcBel Polytech Inc.,機構研發工程師,臺北市,https://www.yourator.co/companies/acbel/jobs/41685,yourator,sqlite,41685,面議（經常性薪資達4萬元）,market: no benchmark for this role family
yourator,康舒科技股份有限公司 AcBel Polytech Inc.,生產測試工程師,新北市,https://www.yourator.co/companies/acbel/jobs/43793,yourator,sqlite,43793,"NT$ 65,000 - 100,000 (月薪)",market: no benchmark for this role family
yourator,康舒科技股份有限公司 AcBel Polytech Inc.,產品工程師,新北市,https://www.yourator.co/companies/acbel/jobs/41673,yourator,sqlite,41673,面議（經常性薪資達4萬元）,market: no benchmark for this role family
yourator,康舒科技股份有限公司 AcBel Polytech Inc.,維修工程師,臺北市,https://www.yourator.co/companies/acbel/jobs/41684,yourator,sqlite,41684,"NT$ 33,500 - (月薪)",market: no benchmark for this role family
yourator,康舒科技股份有限公司 AcBel Polytech Inc.,製程技術工程師,新北市,https://www.yourator.co/companies/acbel/jobs/41681,yourator,sqlite,41681,"NT$ 38,000 - (月薪)",market: no benchmark for this role family
yourator,康舒科技股份有限公司 AcBel Polytech Inc.,資訊軟體工程師,臺北市,https://www.yourator.co/companies/acbel/jobs/41677,yourator,sqlite,41677,面議（經常性薪資達4萬元）,market: no benchmark for this role family
yourator,康舒科技股份有限公司 AcBel Polytech Inc.,零件工程師/主管,臺北市,https://www.yourator.co/companies/acbel/jobs/47622,yourator,sqlite,47622,面議（經常性薪資達4萬元）,market: no benchmark for this role family
yourator,康舒科技股份有限公司 AcBel Polytech Inc.,電源研發工程師,臺北市,https://www.yourator.co/companies/acbel/jobs/41676,yourator,sqlite,41676,面議（經常性薪資達4萬元）,market: no benchmark for this role family
yourator,康舒科技股份有限公司 AcBel Polytech Inc.,韌體研發工程師,臺北市,https://www.yourator.co/companies/acbel/jobs/41674,yourator,sqlite,41674,面議（經常性薪資達4萬元）,market: no benchmark for this role family
yourator,張量科技股份有限公司,Satellite Systems Engineer,新北市,https://www.yourator.co/companies/919f33fa/jobs/42079,yourator,sqlite,42079,面議（經常性薪資達4萬元）,"market: ~NT$80,000-120,000/month for software engineers in Taipei"
yourator,張量科技股份有限公司,助理工程師 Assistant Engineer ［歡迎應屆畢業生］,新北市,https://www.yourator.co/companies/919f33fa/jobs/42088,yourator,sqlite,42088,面議（經常性薪資達4萬元）,"market: ~NT$80,000-120,000/month for software engineers in Taipei"
yourator,張量科技股份有限公司,品保工程師 Quality Assurance Engineer,新北市,https://www.yourator.co/companies/919f33fa/jobs/42080,yourator,sqlite,42080,面議（經常性薪資達4萬元）,"market: ~NT$80,000-120,000/month for software engineers in Taipei"
yourator,張量科技股份有限公司,控制系統(演算法)工程師 Control System Engineer,新北市,https://www.yourator.co/companies/919f33fa/jobs/40085,yourator,sqlite,40085,面議（經常性薪資達4萬元）,"market: ~NT$80,000-120,000/month for software engineers in Taipei"
yourator,張量科技股份有限公司,機構設計工程師 Mechanical Design Engineer,新北市,https://www.yourator.co/companies/919f33fa/jobs/42083,yourator,sqlite,42083,面議（經常性薪資達4萬元）,"market: ~NT$80,000-120,000/month for software engineers in Taipei"
yourator,張量科技股份有限公司,生產組裝工程師 Production Assembly Engineer,新北市,https://www.yourator.co/companies/919f33fa/jobs/42288,yourator,sqlite,42288,面議（經常性薪資達4萬元）,"market: ~NT$80,000-120,000/month for software engineers in Taipei"
yourator,張量科技股份有限公司,產品測試工程師 Testing Engineer,新北市,https://www.yourator.co/companies/919f33fa/jobs/42082,yourator,sqlite,42082,面議（經常性薪資達4萬元）,"market: ~NT$80,000-120,000/month for software engineers in Taipei"
yourator,張量科技股份有限公司,磁場設計工程師 Electrical Machine Design Engineer,新北市,https://www.yourator.co/companies/919f33fa/jobs/42076,yourator,sqlite,42076,面議（經常性薪資達4萬元）,"market: ~NT$80,000-120,000/month for software engineers in Taipei"
yourator,張量科技股份有限公司,韌體工程師 Firmware Engineer,新北市,https://www.yourator.co/companies/919f33fa/jobs/40086,yourator,sqlite,40086,面議（經常性薪資達4萬元）,"market: ~NT$80,000-120,000/month for software engineers in Taipei"
yourator,張量科技股份有限公司,馬達控制工程師,新北市,https://www.yourator.co/companies/919f33fa/jobs/42077,yourator,sqlite,42077,面議（經常性薪資達4萬元）,market: no benchmark for this role family
yourator,想核股份有限公司,AI Artist,臺北市,https://www.yourator.co/companies/imcore/jobs/48091,yourator,sqlite,48091,"NT$ 30,000 - 50,000 (月薪)",market: no benchmark for this role family
yourator,想核股份有限公司,AI工程師,臺北市,https://www.yourator.co/companies/imcore/jobs/48139,yourator,sqlite,48139,"NT$ 55,000 - 90,000 (月薪)",market: no benchmark for this role family
yourator,想核股份有限公司,DevOps工程師,臺北市,https://www.yourator.co/companies/imcore/jobs/47997,yourator,sqlite,47997,"NT$ 60,000 - 90,000 (月薪)",market: no benchmark for this role family
yourator,想核股份有限公司,MIS工程師,臺北市,https://www.yourator.co/companies/imcore/jobs/48234,yourator,sqlite,48234,"NT$ 50,000 - 70,000 (月薪)",market: no benchmark for this role family
yourator,想核股份有限公司,MIS工程師,臺北市,https://www.yourator.co/companies/imcore/jobs/48210,yourator,sqlite,48210,"NT$ 50,000 - 70,000 (月薪)",market: no benchmark for this role family
yourator,想核股份有限公司,前端工程師,臺北市,https://www.yourator.co/companies/imcore/jobs/48144,yourator,sqlite,48144,"NT$ 60,000 - 90,000 (月薪)",market: no benchmark for this role family
yourator,想核股份有限公司,後端工程師,臺北市,https://www.yourator.co/companies/imcore/jobs/47911,yourator,sqlite,47911,"NT$ 60,000 - 90,000 (月薪)",market: no benchmark for this role family
yourator,意騰科技 intelliGo,Windows Software Engineer(軟體工程師),新竹縣,https://www.yourator.co/companies/intelli-go/jobs/47671,yourator,sqlite,47671,面議（經常性薪資達4萬元）,"market: ~NT$80,000-120,000/month for software engineers in Taipei"
yourator,意騰科技 intelliGo,深度學習演算法工程師(新竹/IGEC0110),新竹縣,https://www.yourator.co/companies/intelli-go/jobs/47688,yourator,sqlite,47688,面議（經常性薪資達4萬元）,market: no benchmark for this role family
yourator,意騰科技 intelliGo,深度學習演算法工程師(新竹/IGEC0140),新竹縣,https://www.yourator.co/companies/intelli-go/jobs/47689,yourator,sqlite,47689,面議（經常性薪資達4萬元）,market: no benchmark for this role family
yourator,意騰科技 intelliGo,韌體工程師 (Firmware Engineer),新竹縣,https://www.yourator.co/companies/intelli-go/jobs/47690,yourator,sqlite,47690,面議（經常性薪資達4萬元）,"market: ~NT$80,000-120,000/month for software engineers in Taipei"
yourator,慧景科技thingnario,[PM] 數據產品經理 Data Product Manager,臺北市,https://www.yourator.co/companies/thingnario/jobs/40161,yourator,sqlite,40161,面議（經常性薪資達4萬元）,market: no benchmark for this role family
yourator,慧景科技thingnario,[RD] SaaS 軟體研發主管 Software Engineer Manager,臺北市,https://www.yourator.co/companies/thingnario/jobs/46288,yourator,sqlite,46288,"NT$ 2,000,000 - 2,800,000 (年薪)","market: ~NT$80,000-120,000/month for software engineers in Taipei"
yourator,慧景科技thingnario,[RD] 物聯網資料工程師 AIoT Data Engineer (hybrid),臺北市,https://www.yourator.co/companies/thingnario/jobs/40187,yourator,sqlite,40187,"NT$ 1,400,000 - 2,000,000 (年薪)","market: ~NT$80,000-120,000/month for software engineers in Taipei"
yourator,慧景科技thingnario,[RD] 網站可靠性工程師 Site Reliability Engineer (hybrid),臺北市,https://www.yourator.co/companies/thingnario/jobs/40179,yourator,sqlite,40179,"NT$ 1,500,000 - 2,000,000 (年薪)","market: ~NT$80,000-120,000/month for software engineers in Taipei"
yourator,慧景科技thingnario,[RD] 資深IoT軟韌體工程師 IoT Firmware Engineer （hybrid）,臺北市,https://www.yourator.co/companies/thingnario/jobs/40186,yourator,sqlite,40186,"NT$ 1,500,000 - 2,000,000 (年薪)","market: ~NT$80,000-120,000/month for software engineers in Taipei"
yourator,慧景科技thingnario,[RD] 資深全端工程師 Senior Full Stack Engineer ( hybrid ),臺北市,https://www.yourator.co/companies/thingnario/jobs/40190,yourator,sqlite,40190,"NT$ 1,500,000 - 2,000,000 (年薪)","market: ~NT$80,000-120,000/month for software engineers in Taipei"
yourator,承暉展創股份有限公司,MIS 資訊系統工程師（MIS / IT Infrastructure Engineer）,新北市,https://www.yourator.co/companies/ede1cf74/jobs/47754,yourator,sqlite,47754,面議（經常性薪資達4萬元）,"market: ~NT$80,000-120,000/month for software engineers in Taipei"
yourator,承暉展創股份有限公司,QA Engineer／軟體測試工程師,新北市,https://www.yourator.co/companies/ede1cf74/jobs/47757,yourator,sqlite,47757,面議（經常性薪資達4萬元）,"market: ~NT$80,000-120,000/month for software engineers in Taipei"
yourator,摩維科技-Moway Technology,Golang 工程師 (台中),臺中市,https://www.yourator.co/companies/mowaytech/jobs/46504,yourator,sqlite,46504,面議（經常性薪資達4萬元）,market: no benchmark for this role family
yourator,摩維科技-Moway Technology,SRE工程師(台中),臺中市,https://www.yourator.co/companies/mowaytech/jobs/46506,yourator,sqlite,46506,面議（經常性薪資達4萬元）,market: no benchmark for this role family
yourator,摩維科技-Moway Technology,【Gopher 潛力星募集】Golang 工程師 (新鮮人 / 轉職可) (台中),臺中市,https://www.yourator.co/companies/mowaytech/jobs/47679,yourator,sqlite,47679,面議（經常性薪資達4萬元）,market: no benchmark for this role family
yourator,摩維科技-Moway Technology,自動化測試工程師-無經驗可(台中),臺中市,https://www.yourator.co/companies/mowaytech/jobs/46503,yourator,sqlite,46503,"NT$ 35,000 - 60,000 (月薪)",market: no benchmark for this role family
yourator,數字廣告股份有限公司,PHP後端工程師｜Laravel／Backend Engineer,新北市,https://www.yourator.co/companies/digitm/jobs/46677,yourator,sqlite,46677,"NT$ 55,000 - 60,000 (月薪)","market: ~NT$80,000-120,000/month for software engineers in Taipei"
yourator,新加坡商鈦坦科技,Senior Software Engineer / Programmer 資深軟體工程師(台中市政府旁),臺中市,https://www.yourator.co/companies/TITANSOFT/jobs/7244,yourator,sqlite,7244,"NT$ 95,000 - (月薪)","market: ~NT$80,000-120,000/month for software engineers in Taipei"
yourator,新加坡商鈦坦科技,Software Engineer / Programmer 軟體工程師(台中市政府旁),臺中市,https://www.yourator.co/companies/TITANSOFT/jobs/7245,yourator,sqlite,7245,"NT$ 58,000 - 77,000 (月薪)","market: ~NT$80,000-120,000/month for software engineers in Taipei"
yourator,新加坡商鈦坦科技,Software Engineer / Programmer 軟體工程師(台北),臺北市,https://www.yourator.co/companies/TITANSOFT/jobs/31034,yourator,sqlite,31034,"NT$ 59,000 - 86,000 (月薪)","market: ~NT$80,000-120,000/month for software engineers in Taipei"
yourator,旭暉信達商號,AI 內容策略師 / 提示工程師,臺北市,https://www.yourator.co/companies/radiantmkgt/jobs/48123,yourator,sqlite,48123,"NT$ 32,000 - 60,000 (月薪)",market: no benchmark for this role family
yourator,智安數據科技股份有限公司,QA工程師,臺北市,https://www.yourator.co/companies/dataisec/jobs/47288,yourator,sqlite,47288,"NT$ 33,000 - 40,000 (月薪)",market: no benchmark for this role family
yourator,智安數據科技股份有限公司,售前工程師,臺北市,https://www.yourator.co/companies/dataisec/jobs/47287,yourator,sqlite,47287,面議（經常性薪資達4萬元）,market: no benchmark for this role family
yourator,智安數據科技股份有限公司,系統工程師,臺北市,https://www.yourator.co/companies/dataisec/jobs/47350,yourator,sqlite,47350,面議（經常性薪資達4萬元）,market: no benchmark for this role family
yourator,智林國際股份有限公司,AI Platform Engineer（AI 工程師｜AI系統營運）,臺北市,https://www.yourator.co/companies/linkst/jobs/46716,yourator,sqlite,46716,"NT$ 36,000 - 40,000 (月薪)","market: ~NT$80,000-120,000/month for software engineers in Taipei"
yourator,樂播科技 Jambo Live,(台北) 全端工程師,臺北市,https://www.yourator.co/companies/jambolive/jobs/46912,yourator,sqlite,46912,面議（經常性薪資達4萬元）,market: no benchmark for this role family
yourator,樂播科技 Jambo Live,(台北) 自動化測試工程師,臺北市,https://www.yourator.co/companies/jambolive/jobs/46553,yourator,sqlite,46553,面議（經常性薪資達4萬元）,market: no benchmark for this role family
yourator,永豐商業銀行股份有限公司,2026 Turing Plan 儲備AI後端工程師 百萬年薪 熱烈開放申請中！,臺北市,https://www.yourator.co/companies/sinopac/jobs/35875,yourator,sqlite,35875,"NT$ 1,000,000 - (年薪)",market: no benchmark for this role family
yourator,永豐商業銀行股份有限公司,2026 Turing Plan 儲備AI科學家 百萬年薪 開放申請中！,臺北市,https://www.yourator.co/companies/sinopac/jobs/30933,yourator,sqlite,30933,"NT$ 1,000,000 - (年薪)",market: no benchmark for this role family
yourator,永豐商業銀行股份有限公司,數位科技處-數據工程師,臺北市,https://www.yourator.co/companies/sinopac/jobs/38451,yourator,sqlite,38451,面議（經常性薪資達4萬元）,market: no benchmark for this role family
yourator,永豐商業銀行股份有限公司,數位金融處-生成式人工智慧(GenAI)平台經營管理師,臺北市,https://www.yourator.co/companies/sinopac/jobs/42072,yourator,sqlite,42072,面議（經常性薪資達4萬元）,market: no benchmark for this role family
yourator,永豐商業銀行股份有限公司,資訊處-生成式AI IT培訓師/生成式AI優化工程師,臺北市,https://www.yourator.co/companies/sinopac/jobs/37466,yourator,sqlite,37466,面議（經常性薪資達4萬元）,market: no benchmark for this role family
yourator,永豐商業銀行股份有限公司,資訊處-生成式AI 開發工程師,臺北市,https://www.yourator.co/companies/sinopac/jobs/37468,yourator,sqlite,37468,面議（經常性薪資達4萬元）,market: no benchmark for this role family
yourator,永豐商業銀行股份有限公司,資訊處-生成式AI系統架構師/生成式AI系統分析師,臺北市,https://www.yourator.co/companies/sinopac/jobs/37467,yourator,sqlite,37467,面議（經常性薪資達4萬元）,market: no benchmark for this role family
yourator,沛思坦網路股份有限公司,AI Engineer,臺北市,https://www.yourator.co/companies/Pacston/jobs/40134,yourator,sqlite,40134,"NT$ 1,000,000 - (年薪)","market: ~NT$122,000/month entry ML engineer (NT$1.47M/yr)"
yourator,沛思坦網路股份有限公司,Data Platform PM / AI Platform PM,臺北市,https://www.yourator.co/companies/Pacston/jobs/40135,yourator,sqlite,40135,"NT$ 70,000 - (月薪)",market: no benchmark for this role family
yourator,沛思坦網路股份有限公司,SDET 測試開發工程師,臺北市,https://www.yourator.co/companies/Pacston/jobs/43186,yourator,sqlite,43186,"NT$ 65,000 - (月薪)",market: no benchmark for this role family
yourator,沛思坦網路股份有限公司,Senior Frontend Engineer,臺北市,https://www.yourator.co/companies/Pacston/jobs/11849,yourator,sqlite,11849,"NT$ 70,000 - (月薪)","market: ~NT$80,000-120,000/month for software engineers in Taipei"
yourator,沛思坦網路股份有限公司,人機互動前端工程師 HCI Frontend Engineer,臺北市,https://www.yourator.co/companies/Pacston/jobs/43018,yourator,sqlite,43018,"NT$ 1,000,000 - (年薪)","market: ~NT$80,000-120,000/month for software engineers in Taipei"
yourator,沛思坦網路股份有限公司,資深Python後端工程師,臺北市,https://www.yourator.co/companies/Pacston/jobs/12227,yourator,sqlite,12227,"NT$ 70,000 - (月薪)",market: no benchmark for this role family
yourator,沛思坦網路股份有限公司,軟體測試工程師,臺北市,https://www.yourator.co/companies/Pacston/jobs/42153,yourator,sqlite,42153,"NT$ 40,000 - 65,000 (月薪)",market: no benchmark for this role family
yourator,浪LIVE,研發中心 - AI 解決方案架構師,臺北市,https://www.yourator.co/companies/langlive/jobs/48092,yourator,sqlite,48092,"NT$ 1,400,000 - 2,000,000 (年薪)",market: no benchmark for this role family
yourator,浪LIVE,研發中心 - AI 資深工程師,臺北市,https://www.yourator.co/companies/langlive/jobs/47717,yourator,sqlite,47717,"NT$ 1,200,000 - 1,600,000 (年薪)",market: no benchmark for this role family
yourator,浪LIVE,研發中心 - DBA 主任工程師,臺北市,https://www.yourator.co/companies/langlive/jobs/47820,yourator,sqlite,47820,"NT$ 1,400,000 - 1,800,000 (年薪)",market: no benchmark for this role family
yourator,漸強實驗室 Crescendo Lab Ltd.,【TW】Senior Software Engineer (CAAC),臺北市,https://www.yourator.co/companies/CrescendoLab/jobs/48145,yourator,sqlite,48145,"NT$ 1,200,000 - 1,950,000 (年薪)","market: ~NT$80,000-120,000/month for software engineers in Taipei"
yourator,漸強實驗室 Crescendo Lab Ltd.,【TW】Senior/ Backend Engineer,臺北市,https://www.yourator.co/companies/CrescendoLab/jobs/41093,yourator,sqlite,41093,"NT$ 1,300,000 - 2,000,000 (年薪)","market: ~NT$80,000-120,000/month for software engineers in Taipei"
yourator,睿田能源股份有限公司,(台北) 光電品管工程師 (請留意必備條件),臺北市,https://www.yourator.co/companies/richten/jobs/48025,yourator,sqlite,48025,"NT$ 30,000 - 45,000 (月薪)",market: no benchmark for this role family
yourator,睿田能源股份有限公司,(台北) 光電品管工程師(專案約聘) 請留意必備條件,臺北市,https://www.yourator.co/companies/richten/jobs/48027,yourator,sqlite,48027,"NT$ 30,000 - 45,000 (月薪)",market: no benchmark for this role family
yourator,睿田能源股份有限公司,(台北) 光電設計專案業務工程師｜立面彩繪光電／淨零建築,臺北市,https://www.yourator.co/companies/richten/jobs/48003,yourator,sqlite,48003,"NT$ 30,000 - 45,000 (月薪)",market: no benchmark for this role family
yourator,睿鼎數位股份有限公司 12CM Taiwan,PARKING ONLINE 資深軟體工程師 Sr. Software Engineer,臺北市,https://www.yourator.co/companies/12cm/jobs/41079,yourator,sqlite,41079,面議（經常性薪資達4萬元）,"market: ~NT$80,000-120,000/month for software engineers in Taipei"
yourator,睿鼎數位股份有限公司 12CM Taiwan,【擴編徵才】PARKING ONLINE 資深前端工程師 Senior Frontend Engineer,臺北市,https://www.yourator.co/companies/12cm/jobs/48002,yourator,sqlite,48002,面議（經常性薪資達4萬元）,"market: ~NT$80,000-120,000/month for software engineers in Taipei"
yourator,睿鼎數位股份有限公司 12CM Taiwan,【擴編徵才】資深軟體工程師 Sr. Software Engineer,臺北市,https://www.yourator.co/companies/12cm/jobs/45852,yourator,sqlite,45852,面議（經常性薪資達4萬元）,"market: ~NT$80,000-120,000/month for software engineers in Taipei"
yourator,神農氏 SHENNONGSHI.AI,AI/Perception/Robotics Learning Engineer 人工智慧/感知/機器人機器學習工程師,臺北市,https://www.yourator.co/companies/shinfangglobal/jobs/48045,yourator,sqlite,48045,面議（經常性薪資達4萬元）,"market: ~NT$80,000-120,000/month for software engineers in Taipei"
yourator,神農氏 SHENNONGSHI.AI,Machine Learning Engineer - Robot Manipulation 機器學習工程師 - 機器人操控,臺北市,https://www.yourator.co/companies/shinfangglobal/jobs/34043,yourator,sqlite,34043,面議（經常性薪資達4萬元）,"market: ~NT$122,000/month entry ML engineer (NT$1.47M/yr)"
yourator,神農氏 SHENNONGSHI.AI,Robotics Engineer 機器人軟硬體整合工程師,臺北市,https://www.yourator.co/companies/shinfangglobal/jobs/48044,yourator,sqlite,48044,面議（經常性薪資達4萬元）,"market: ~NT$80,000-120,000/month for software engineers in Taipei"
yourator,神農氏 SHENNONGSHI.AI,Senior Hardware Engineer 資深硬體研發工程師,臺北市,https://www.yourator.co/companies/shinfangglobal/jobs/34044,yourator,sqlite,34044,面議（經常性薪資達4萬元）,"market: ~NT$80,000-120,000/month for software engineers in Taipei"
yourator,科技報橘｜流線傳媒 Fusionmedium,AI 專案經理,臺北市,https://www.yourator.co/companies/fusionmedium/jobs/38536,yourator,sqlite,38536,面議（經常性薪資達4萬元）,market: no benchmark for this role family
yourator,科技報橘｜流線傳媒 Fusionmedium,AI 行銷企劃（AI Marketing Planner）,臺北市,https://www.yourator.co/companies/fusionmedium/jobs/47743,yourator,sqlite,47743,"NT$ 40,000 - 50,000 (月薪)",market: no benchmark for this role family
yourator,科技報橘｜流線傳媒 Fusionmedium,工程師,臺北市,https://www.yourator.co/companies/fusionmedium/jobs/38537,yourator,sqlite,38537,面議（經常性薪資達4萬元）,market: no benchmark for this role family
yourator,統一資訊股份有限公司,LumineOne AI 產品團隊(PG/SA/客戶經理),臺北市,https://www.yourator.co/companies/pic-net/jobs/47706,yourator,sqlite,47706,面議（經常性薪資達4萬元）,market: no benchmark for this role family
yourator,統一資訊股份有限公司,"數據工程師｜雲端 × 地端，打造零售產業核心數據骨幹 Data Engineer｜Cloud × On-Premise, Building the Data Backbone of Retail",臺北市,https://www.yourator.co/companies/pic-net/jobs/47704,yourator,sqlite,47704,面議（經常性薪資達4萬元）,"market: ~NT$80,000-120,000/month for software engineers in Taipei"
yourator,統一資訊股份有限公司,系統分析師(共同),臺北市,https://www.yourator.co/companies/pic-net/jobs/47703,yourator,sqlite,47703,面議（經常性薪資達4萬元）,market: no benchmark for this role family
yourator,統一資訊股份有限公司,資安工程師,臺北市,https://www.yourator.co/companies/pic-net/jobs/47700,yourator,sqlite,47700,面議（經常性薪資達4萬元）,market: no benchmark for this role family
yourator,統一資訊股份有限公司,軟體工程師/軟體設計師 (共同),臺北市,https://www.yourator.co/companies/pic-net/jobs/47702,yourator,sqlite,47702,面議（經常性薪資達4萬元）,market: no benchmark for this role family
yourator,統一超商 7-ELEVEN,數據分析師 (市場情報應用),臺北市,https://www.yourator.co/companies/7ELEVEn/jobs/47835,yourator,sqlite,47835,"NT$ 37,000 - 90,000 (月薪)",market: no benchmark for this role family
yourator,統一超商 7-ELEVEN,統一超商【資深Android工程師】,臺北市,https://www.yourator.co/companies/7ELEVEn/jobs/43719,yourator,sqlite,43719,"NT$ 50,000 - 120,000 (月薪)",market: no benchmark for this role family
yourator,統一超商 7-ELEVEN,統一超商【資深iOS App工程師】,臺北市,https://www.yourator.co/companies/7ELEVEn/jobs/43718,yourator,sqlite,43718,面議（經常性薪資達4萬元）,market: no benchmark for this role family
yourator,統一超商 7-ELEVEN,統一超商【資深前端工程師】(uniopen),臺北市,https://www.yourator.co/companies/7ELEVEn/jobs/43710,yourator,sqlite,43710,"NT$ 50,000 - 120,000 (月薪)",market: no benchmark for this role family
yourator,統一超商 7-ELEVEN,統一超商【資深後端軟體工程師(uniopen)-Senior】,臺北市,https://www.yourator.co/companies/7ELEVEn/jobs/43713,yourator,sqlite,43713,"NT$ 50,000 - 120,000 (月薪)",market: no benchmark for this role family
yourator,統一超商 7-ELEVEN,統一超商【資深資料工程師】(uniopen客戶資料平台CDP),臺北市,https://www.yourator.co/companies/7ELEVEn/jobs/43707,yourator,sqlite,43707,"NT$ 50,000 - 120,000 (月薪)",market: no benchmark for this role family
yourator,統一超商 7-ELEVEN,統一超商【電子商務資深後端工程師】(uniopen eCommerce Senior Backend Engineer),臺北市,https://www.yourator.co/companies/7ELEVEn/jobs/43724,yourator,sqlite,43724,面議（經常性薪資達4萬元）,"market: ~NT$80,000-120,000/month for software engineers in Taipei"
yourator,美商昇迪凡科技術有限公司台灣分公司,Data Analyst（長期專案、遠端）,臺北市,https://www.yourator.co/companies/centific/jobs/48258,yourator,sqlite,48258,NT$ 200 - 250 (時薪),"market: ~NT$60,000-90,000/month for analyst roles in Taipei"
yourator,華經資訊企業股份有限公司,TS1B 資深工程師,臺北市,https://www.yourator.co/companies/fortune/jobs/47850,yourator,sqlite,47850,面議（經常性薪資達4萬元）,market: no benchmark for this role family
yourator,華經資訊企業股份有限公司,TS30 AI 助理工程師,臺北市,https://www.yourator.co/companies/fortune/jobs/47846,yourator,sqlite,47846,"NT$ 30,000 - 50,000 (月薪)",market: no benchmark for this role family
yourator,華經資訊企業股份有限公司,TS30 容器工程師,臺北市,https://www.yourator.co/companies/fortune/jobs/47844,yourator,sqlite,47844,"NT$ 40,000 - 60,000 (月薪)",market: no benchmark for this role family
yourator,華經資訊企業股份有限公司,TS30 虛擬化工程師,臺北市,https://www.yourator.co/companies/fortune/jobs/47845,yourator,sqlite,47845,"NT$ 40,000 - 60,000 (月薪)",market: no benchmark for this role family
yourator,華經資訊企業股份有限公司,TS40 網路工程師,臺北市,https://www.yourator.co/companies/fortune/jobs/47849,yourator,sqlite,47849,"NT$ 35,000 - 60,000 (月薪)",market: no benchmark for this role family
yourator,華經資訊企業股份有限公司,TS40 資安工程師,臺北市,https://www.yourator.co/companies/fortune/jobs/47848,yourator,sqlite,47848,"NT$ 40,000 - 60,000 (月薪)",market: no benchmark for this role family
yourator,華經資訊企業股份有限公司,軟體開發 - 系統分析師,臺北市,https://www.yourator.co/companies/fortune/jobs/47842,yourator,sqlite,47842,"NT$ 55,000 - 80,000 (月薪)",market: no benchmark for this role family
yourator,賽微科技 Cyberon,AI 平台開發工程師（LLM／Agentic AI）,新北市,https://www.yourator.co/companies/cyberon/jobs/47637,yourator,sqlite,47637,面議（經常性薪資達4萬元）,market: no benchmark for this role family
yourator,賽微科技 Cyberon,Enterprise AI Platform Product Manager,新北市,https://www.yourator.co/companies/cyberon/jobs/47742,yourator,sqlite,47742,面議（經常性薪資達4萬元）,market: no benchmark for this role family
yourator,鑫享科技有限公司,系統整合工程師,臺北市,https://www.yourator.co/companies/oecgroup/jobs/48228,yourator,sqlite,48228,面議（經常性薪資達4萬元）,market: no benchmark for this role family
yourator,鑫享科技有限公司,系統維運工程師,臺北市,https://www.yourator.co/companies/oecgroup/jobs/48229,yourator,sqlite,48229,面議（經常性薪資達4萬元）,market: no benchmark for this role family
yourator,開必拓數據,AI 訓練資料專員,新竹市,https://www.yourator.co/companies/Kapito/jobs/48051,yourator,sqlite,48051,面議（經常性薪資達4萬元）,market: no benchmark for this role family
yourator,開必拓數據,DevOps Engineer (AI Deployment & Infrastructure),新竹市,https://www.yourator.co/companies/Kapito/jobs/47758,yourator,sqlite,47758,面議（經常性薪資達4萬元）,"market: ~NT$80,000-120,000/month for software engineers in Taipei"
yourator,開必拓數據,Full Stack Engineer,新竹市,https://www.yourator.co/companies/Kapito/jobs/47760,yourator,sqlite,47760,面議（經常性薪資達4萬元）,"market: ~NT$80,000-120,000/month for software engineers in Taipei"
yourator,開必拓數據,MIS Engineer,新竹市,https://www.yourator.co/companies/Kapito/jobs/47756,yourator,sqlite,47756,面議（經常性薪資達4萬元）,"market: ~NT$80,000-120,000/month for software engineers in Taipei"
yourator,陽光伏特家Sunnyfounder,【太陽能案場設計】機電設計工程師｜永續電力處,臺北市,https://www.yourator.co/companies/Sunnyfounder/jobs/47518,yourator,sqlite,47518,面議（經常性薪資達4萬元）,market: no benchmark for this role family
yourator,雷亞遊戲 Rayark Inc.,Data Analyst,臺北市,https://www.yourator.co/companies/rayark/jobs/35835,yourator,sqlite,35835,面議（經常性薪資達4萬元）,"market: ~NT$60,000-90,000/month for analyst roles in Taipei"
yourator,雷亞遊戲 Rayark Inc.,Data Engineer,臺北市,https://www.yourator.co/companies/rayark/jobs/35836,yourator,sqlite,35836,面議（經常性薪資達4萬元）,"market: ~NT$80,000-120,000/month for software engineers in Taipei"
yourator,騰茲電通股份有限公司,資深軟體工程師,臺北市,https://www.yourator.co/companies/intelegence/jobs/28298,yourator,sqlite,28298,"NT$ 60,000 - (月薪)",market: no benchmark for this role family
yourator,鴻海科技集團 FOXCONN,Capex 管理工程師,新北市,https://www.yourator.co/companies/honhai/jobs/41858,yourator,sqlite,41858,面議（經常性薪資達4萬元）,market: no benchmark for this role family
yourator,鴻海科技集團 FOXCONN,DFM (TPM) 專案工程師,桃園市,https://www.yourator.co/companies/honhai/jobs/41838,yourator,sqlite,41838,面議（經常性薪資達4萬元）,market: no benchmark for this role family
yourator,鴻海科技集團 FOXCONN,EE 工程師,新北市,https://www.yourator.co/companies/honhai/jobs/41861,yourator,sqlite,41861,面議（經常性薪資達4萬元）,market: no benchmark for this role family
yourator,鴻海科技集團 FOXCONN,EHS 工程師,桃園市,https://www.yourator.co/companies/honhai/jobs/41868,yourator,sqlite,41868,面議（經常性薪資達4萬元）,market: no benchmark for this role family
yourator,鴻海科技集團 FOXCONN,IE 工程師,新北市,https://www.yourator.co/companies/honhai/jobs/41860,yourator,sqlite,41860,面議（經常性薪資達4萬元）,market: no benchmark for this role family
yourator,鴻海科技集團 FOXCONN,IT 運維工程師,新北市,https://www.yourator.co/companies/honhai/jobs/41834,yourator,sqlite,41834,面議（經常性薪資達4萬元）,market: no benchmark for this role family
yourator,鴻海科技集團 FOXCONN,PQE 工程師 (製程品質管理),桃園市,https://www.yourator.co/companies/honhai/jobs/41864,yourator,sqlite,41864,面議（經常性薪資達4萬元）,market: no benchmark for this role family
yourator,鴻海科技集團 FOXCONN,QPM 工程師,新北市,https://www.yourator.co/companies/honhai/jobs/41846,yourator,sqlite,41846,面議（經常性薪資達4萬元）,market: no benchmark for this role family
yourator,鴻海科技集團 FOXCONN,QPM 工程師 (品質管理),桃園市,https://www.yourator.co/companies/honhai/jobs/41862,yourator,sqlite,41862,面議（經常性薪資達4萬元）,market: no benchmark for this role family
yourator,鴻海科技集團 FOXCONN,SMT 治工具設計工程師,桃園市,https://www.yourator.co/companies/honhai/jobs/41841,yourator,sqlite,41841,面議（經常性薪資達4萬元）,market: no benchmark for this role family
yourator,鴻海科技集團 FOXCONN,SMT 製程工程師,桃園市,https://www.yourator.co/companies/honhai/jobs/41839,yourator,sqlite,41839,面議（經常性薪資達4萬元）,market: no benchmark for this role family
yourator,鴻海科技集團 FOXCONN,SMT 設備工程師,桃園市,https://www.yourator.co/companies/honhai/jobs/41856,yourator,sqlite,41856,面議（經常性薪資達4萬元）,market: no benchmark for this role family
yourator,鴻海科技集團 FOXCONN,SMT 鋼板設計工程師,桃園市,https://www.yourator.co/companies/honhai/jobs/41840,yourator,sqlite,41840,面議（經常性薪資達4萬元）,market: no benchmark for this role family
yourator,鴻海科技集團 FOXCONN,SMT 非標設備工程師,桃園市,https://www.yourator.co/companies/honhai/jobs/41842,yourator,sqlite,41842,面議（經常性薪資達4萬元）,market: no benchmark for this role family
yourator,鴻海科技集團 FOXCONN,SMT_TPM 工程師,桃園市,https://www.yourator.co/companies/honhai/jobs/41843,yourator,sqlite,41843,面議（經常性薪資達4萬元）,market: no benchmark for this role family
yourator,鴻海科技集團 FOXCONN,SQE 工程師,新北市,https://www.yourator.co/companies/honhai/jobs/41845,yourator,sqlite,41845,面議（經常性薪資達4萬元）,market: no benchmark for this role family
yourator,鴻海科技集團 FOXCONN,SQE 工程師 (供應商品質管理),桃園市,https://www.yourator.co/companies/honhai/jobs/41863,yourator,sqlite,41863,面議（經常性薪資達4萬元）,market: no benchmark for this role family
yourator,鴻海科技集團 FOXCONN,Tooling Budget 工程師,桃園市,https://www.yourator.co/companies/honhai/jobs/41844,yourator,sqlite,41844,面議（經常性薪資達4萬元）,market: no benchmark for this role family
yourator,鴻海科技集團 FOXCONN,【NPI-EE】電子硬體工程師-海外,新北市,https://www.yourator.co/companies/honhai/jobs/46921,yourator,sqlite,46921,面議（經常性薪資達4萬元）,market: no benchmark for this role family
yourator,鴻海科技集團 FOXCONN,【NPI-HWTE】硬體測試工程師-海外,新北市,https://www.yourator.co/companies/honhai/jobs/46923,yourator,sqlite,46923,面議（經常性薪資達4萬元）,market: no benchmark for this role family
yourator,鴻海科技集團 FOXCONN,【NPI-PD】機構工程師-海外,新北市,https://www.yourator.co/companies/honhai/jobs/46918,yourator,sqlite,46918,面議（經常性薪資達4萬元）,market: no benchmark for this role family
yourator,鴻海科技集團 FOXCONN,【NPI-PM】項目管理工程師-海外,新北市,https://www.yourator.co/companies/honhai/jobs/46919,yourator,sqlite,46919,面議（經常性薪資達4萬元）,market: no benchmark for this role family
yourator,鴻海科技集團 FOXCONN,【NPI-RF】射頻工程師-海外,新北市,https://www.yourator.co/companies/honhai/jobs/46920,yourator,sqlite,46920,面議（經常性薪資達4萬元）,market: no benchmark for this role family
yourator,鴻海科技集團 FOXCONN,【NPI-SW】軟體工程師-海外,新北市,https://www.yourator.co/companies/honhai/jobs/46922,yourator,sqlite,46922,面議（經常性薪資達4萬元）,market: no benchmark for this role family
yourator,鴻海科技集團 FOXCONN,【PI-DQE】 Mini Line 工程師,新北市,https://www.yourator.co/companies/honhai/jobs/41850,yourator,sqlite,41850,面議（經常性薪資達4萬元）,market: no benchmark for this role family
yourator,鴻海科技集團 FOXCONN,【PI-DQE】可靠度項目管理工程師,新北市,https://www.yourator.co/companies/honhai/jobs/41848,yourator,sqlite,41848,面議（經常性薪資達4萬元）,market: no benchmark for this role family
yourator,鴻海科技集團 FOXCONN,【PI-DQE】可靠性測試工程師,新北市,https://www.yourator.co/companies/honhai/jobs/41849,yourator,sqlite,41849,面議（經常性薪資達4萬元）,market: no benchmark for this role family
yourator,鴻海科技集團 FOXCONN,【PI】 Safety 工程師,新北市,https://www.yourator.co/companies/honhai/jobs/41852,yourator,sqlite,41852,面議（經常性薪資達4萬元）,market: no benchmark for this role family
yourator,鴻海科技集團 FOXCONN,【PI】 環保法規工程師,新北市,https://www.yourator.co/companies/honhai/jobs/41853,yourator,sqlite,41853,面議（經常性薪資達4萬元）,market: no benchmark for this role family
yourator,鴻海科技集團 FOXCONN,【PI】EMC 工程師,新北市,https://www.yourator.co/companies/honhai/jobs/41851,yourator,sqlite,41851,面議（經常性薪資達4萬元）,market: no benchmark for this role family
yourator,鴻海科技集團 FOXCONN,【桃園】-主板硬體測試工程師,桃園市,https://www.yourator.co/companies/honhai/jobs/46089,yourator,sqlite,46089,面議（經常性薪資達4萬元）,market: no benchmark for this role family
yourator,鴻海科技集團 FOXCONN,【海外】AAE-自動化應用工程師,新北市,https://www.yourator.co/companies/honhai/jobs/41878,yourator,sqlite,41878,面議（經常性薪資達4萬元）,market: no benchmark for this role family
yourator,鴻海科技集團 FOXCONN,【海外】AAE-自動化開發工程師,新北市,https://www.yourator.co/companies/honhai/jobs/41872,yourator,sqlite,41872,面議（經常性薪資達4萬元）,market: no benchmark for this role family
yourator,鴻海科技集團 FOXCONN,【海外】CQA 工程師,新北市,https://www.yourator.co/companies/honhai/jobs/41901,yourator,sqlite,41901,面議（經常性薪資達4萬元）,market: no benchmark for this role family
yourator,鴻海科技集團 FOXCONN,【海外】DFM 客戶對接工程師,新北市,https://www.yourator.co/companies/honhai/jobs/41896,yourator,sqlite,41896,面議（經常性薪資達4萬元）,market: no benchmark for this role family
yourator,鴻海科技集團 FOXCONN,【海外】DQA 工程師,新北市,https://www.yourator.co/companies/honhai/jobs/41902,yourator,sqlite,41902,面議（經常性薪資達4萬元）,market: no benchmark for this role family
yourator,鴻海科技集團 FOXCONN,【海外】FPCA 電測新產品導入工程師,新北市,https://www.yourator.co/companies/honhai/jobs/41898,yourator,sqlite,41898,面議（經常性薪資達4萬元）,market: no benchmark for this role family
yourator,鴻海科技集團 FOXCONN,【海外】IT 項目管理工程師,新北市,https://www.yourator.co/companies/honhai/jobs/41914,yourator,sqlite,41914,面議（經常性薪資達4萬元）,market: no benchmark for this role family
yourator,鴻海科技集團 FOXCONN,【海外】JAVA開發工程師,新北市,https://www.yourator.co/companies/honhai/jobs/41917,yourator,sqlite,41917,面議（經常性薪資達4萬元）,market: no benchmark for this role family
yourator,鴻海科技集團 FOXCONN,【海外】PM 工程師,新北市,https://www.yourator.co/companies/honhai/jobs/41895,yourator,sqlite,41895,面議（經常性薪資達4萬元）,market: no benchmark for this role family
yourator,鴻海科技集團 FOXCONN,【海外】SQE工程師,新北市,https://www.yourator.co/companies/honhai/jobs/41900,yourator,sqlite,41900,面議（經常性薪資達4萬元）,market: no benchmark for this role family
yourator,鴻海科技集團 FOXCONN,【海外】TPM 工程師,新北市,https://www.yourator.co/companies/honhai/jobs/41897,yourator,sqlite,41897,面議（經常性薪資達4萬元）,market: no benchmark for this role family
yourator,鴻海科技集團 FOXCONN,【海外】iMES 系統開發工程師,新北市,https://www.yourator.co/companies/honhai/jobs/41888,yourator,sqlite,41888,面議（經常性薪資達4萬元）,market: no benchmark for this role family
yourator,鴻海科技集團 FOXCONN,【海外】可靠性測試工程師,新北市,https://www.yourator.co/companies/honhai/jobs/41885,yourator,sqlite,41885,面議（經常性薪資達4萬元）,market: no benchmark for this role family
yourator,鴻海科技集團 FOXCONN,【海外】品質工程師,新北市,https://www.yourator.co/companies/honhai/jobs/41899,yourator,sqlite,41899,面議（經常性薪資達4萬元）,market: no benchmark for this role family
yourator,鴻海科技集團 FOXCONN,【海外】失效分析工程師,新北市,https://www.yourator.co/companies/honhai/jobs/41884,yourator,sqlite,41884,面議（經常性薪資達4萬元）,market: no benchmark for this role family
yourator,鴻海科技集團 FOXCONN,【海外】專案新產品工程師,新北市,https://www.yourator.co/companies/honhai/jobs/41920,yourator,sqlite,41920,面議（經常性薪資達4萬元）,market: no benchmark for this role family
yourator,鴻海科技集團 FOXCONN,【海外】專案管理工程師,新北市,https://www.yourator.co/companies/honhai/jobs/41922,yourator,sqlite,41922,面議（經常性薪資達4萬元）,market: no benchmark for this role family
yourator,鴻海科技集團 FOXCONN,【海外】嵌入式軟體開發工程師,新北市,https://www.yourator.co/companies/honhai/jobs/41916,yourator,sqlite,41916,面議（經常性薪資達4萬元）,market: no benchmark for this role family
yourator,鴻海科技集團 FOXCONN,【海外】機構工程師,新北市,https://www.yourator.co/companies/honhai/jobs/41881,yourator,sqlite,41881,面議（經常性薪資達4萬元）,market: no benchmark for this role family
yourator,鴻海科技集團 FOXCONN,【海外】機構工程師,新北市,https://www.yourator.co/companies/honhai/jobs/41880,yourator,sqlite,41880,面議（經常性薪資達4萬元）,market: no benchmark for this role family
yourator,鴻海科技集團 FOXCONN,【海外】物控工程師,新北市,https://www.yourator.co/companies/honhai/jobs/41923,yourator,sqlite,41923,面議（經常性薪資達4萬元）,market: no benchmark for this role family
yourator,鴻海科技集團 FOXCONN,【海外】現場 IE 工程師,新北市,https://www.yourator.co/companies/honhai/jobs/41892,yourator,sqlite,41892,面議（經常性薪資達4萬元）,market: no benchmark for this role family
yourator,鴻海科技集團 FOXCONN,【海外】現場工程師,新北市,https://www.yourator.co/companies/honhai/jobs/41879,yourator,sqlite,41879,面議（經常性薪資達4萬元）,market: no benchmark for this role family
yourator,鴻海科技集團 FOXCONN,【海外】產品規劃工程師,新北市,https://www.yourator.co/companies/honhai/jobs/41911,yourator,sqlite,41911,面議（經常性薪資達4萬元）,market: no benchmark for this role family
yourator,鴻海科技集團 FOXCONN,【海外】硬體工程師（光學）,新北市,https://www.yourator.co/companies/honhai/jobs/41882,yourator,sqlite,41882,面議（經常性薪資達4萬元）,market: no benchmark for this role family
yourator,鴻海科技集團 FOXCONN,【海外】硬體工程師（聲學）,新北市,https://www.yourator.co/companies/honhai/jobs/41883,yourator,sqlite,41883,面議（經常性薪資達4萬元）,market: no benchmark for this role family
yourator,鴻海科技集團 FOXCONN,【海外】自動化軟體開發工程師,新北市,https://www.yourator.co/companies/honhai/jobs/41887,yourator,sqlite,41887,面議（經常性薪資達4萬元）,market: no benchmark for this role family
yourator,鴻海科技集團 FOXCONN,【海外】自動化電控開發工程師,新北市,https://www.yourator.co/companies/honhai/jobs/41905,yourator,sqlite,41905,面議（經常性薪資達4萬元）,market: no benchmark for this role family
yourator,鴻海科技集團 FOXCONN,【海外】自動化項目管理工程師,新北市,https://www.yourator.co/companies/honhai/jobs/41912,yourator,sqlite,41912,面議（經常性薪資達4萬元）,market: no benchmark for this role family
yourator,鴻海科技集團 FOXCONN,【海外】規劃 IE 工程師,新北市,https://www.yourator.co/companies/honhai/jobs/41893,yourator,sqlite,41893,面議（經常性薪資達4萬元）,market: no benchmark for this role family
yourator,鴻海科技集團 FOXCONN,【海外】視覺工程師,新北市,https://www.yourator.co/companies/honhai/jobs/41919,yourator,sqlite,41919,面議（經常性薪資達4萬元）,market: no benchmark for this role family
yourator,鴻海科技集團 FOXCONN,【海外】設備維護工程師,新北市,https://www.yourator.co/companies/honhai/jobs/41894,yourator,sqlite,41894,面議（經常性薪資達4萬元）,market: no benchmark for this role family
yourator,鴻海科技集團 FOXCONN,【海外】資產項目管理工程師,新北市,https://www.yourator.co/companies/honhai/jobs/41921,yourator,sqlite,41921,面議（經常性薪資達4萬元）,market: no benchmark for this role family
yourator,鴻海科技集團 FOXCONN,【海外】軟體工程師,新北市,https://www.yourator.co/companies/honhai/jobs/41918,yourator,sqlite,41918,面議（經常性薪資達4萬元）,market: no benchmark for this role family
yourator,鴻海科技集團 FOXCONN,【海外】項目管理工程師,新北市,https://www.yourator.co/companies/honhai/jobs/41915,yourator,sqlite,41915,面議（經常性薪資達4萬元）,market: no benchmark for this role family
yourator,鴻海科技集團 FOXCONN,安全合規管理工程師,桃園市,https://www.yourator.co/companies/honhai/jobs/41866,yourator,sqlite,41866,面議（經常性薪資達4萬元）,market: no benchmark for this role family
yourator,鴻海科技集團 FOXCONN,專案管理工程師 (建廠/外派),新北市,https://www.yourator.co/companies/honhai/jobs/41833,yourator,sqlite,41833,面議（經常性薪資達4萬元）,market: no benchmark for this role family
yourator,鴻海科技集團 FOXCONN,專案管理工程師 (生產排配),新北市,https://www.yourator.co/companies/honhai/jobs/41857,yourator,sqlite,41857,面議（經常性薪資達4萬元）,market: no benchmark for this role family
yourator,鴻海科技集團 FOXCONN,採購工程師,桃園市,https://www.yourator.co/companies/honhai/jobs/41854,yourator,sqlite,41854,面議（經常性薪資達4萬元）,market: no benchmark for this role family
yourator,鴻海科技集團 FOXCONN,機構工程師,新北市,https://www.yourator.co/companies/honhai/jobs/41831,yourator,sqlite,41831,面議（經常性薪資達4萬元）,market: no benchmark for this role family
yourator,鴻海科技集團 FOXCONN,熱流工程師,新北市,https://www.yourator.co/companies/honhai/jobs/41832,yourator,sqlite,41832,面議（經常性薪資達4萬元）,market: no benchmark for this role family
yourator,鴻海科技集團 FOXCONN,物控工程師,桃園市,https://www.yourator.co/companies/honhai/jobs/41855,yourator,sqlite,41855,面議（經常性薪資達4萬元）,market: no benchmark for this role family
yourator,鴻海科技集團 FOXCONN,產品安全管理工程師,桃園市,https://www.yourator.co/companies/honhai/jobs/41865,yourator,sqlite,41865,面議（經常性薪資達4萬元）,market: no benchmark for this role family
yourator,鴻海科技集團 FOXCONN,總務管理工程師,桃園市,https://www.yourator.co/companies/honhai/jobs/41867,yourator,sqlite,41867,面議（經常性薪資達4萬元）,market: no benchmark for this role family
